! Laser file SHARC 4.0
! version 1.0 
! nsteps = 161 
! dt =  2.50000000e-16
! E-fields = true 
! B-fields = true
! E-field gradients = true 
! B-field gradients = true 

+0.00000000E+000  +0.00000000E+000  +0.00000000E+000  +0.00000000E+000  +0.00000000E+000  +0.00000000E+000  +0.00000000E+000  +0.00000000E+000  +0.00000000E+000  +0.00000000E+000  +0.00000000E+000  +0.00000000E+000  +0.00000000E+000  +0.00000000E+000  +0.00000000E+000  +0.00000000E+000  +0.00000000E+000  +0.00000000E+000  +0.00000000E+000  +0.00000000E+000  +0.00000000E+000  +0.00000000E+000  +0.00000000E+000  +0.00000000E+000  +0.00000000E+000  +0.00000000E+000  +0.00000000E+000  +0.00000000E+000  +0.00000000E+000  +0.00000000E+000  +0.00000000E+000  +0.00000000E+000  +0.00000000E+000  +0.00000000E+000  +0.00000000E+000  +0.00000000E+000  +0.00000000E+000  +0.00000000E+000  +0.00000000E+000  +0.00000000E+000  +0.00000000E+000  +0.00000000E+000  +0.00000000E+000  +0.00000000E+000  +0.00000000E+000  +0.00000000E+000  +0.00000000E+000  +0.00000000E+000  +0.00000000E+000
+2.50000000E-001  +0.00000000E+000  +0.00000000E+000  +0.00000000E+000  +0.00000000E+000  +0.00000000E+000  +0.00000000E+000  +0.00000000E+000  +0.00000000E+000  +0.00000000E+000  +0.00000000E+000  +0.00000000E+000  +0.00000000E+000  +0.00000000E+000  +0.00000000E+000  +0.00000000E+000  +0.00000000E+000  +0.00000000E+000  +0.00000000E+000  +0.00000000E+000  +0.00000000E+000  +0.00000000E+000  +0.00000000E+000  +0.00000000E+000  +0.00000000E+000  +0.00000000E+000  +0.00000000E+000  +0.00000000E+000  +0.00000000E+000  +0.00000000E+000  +0.00000000E+000  +0.00000000E+000  +0.00000000E+000  +0.00000000E+000  +0.00000000E+000  +0.00000000E+000  +0.00000000E+000  +0.00000000E+000  +0.00000000E+000  +0.00000000E+000  +0.00000000E+000  +0.00000000E+000  +0.00000000E+000  +0.00000000E+000  +0.00000000E+000  +0.00000000E+000  +0.00000000E+000  +0.00000000E+000  +0.00000000E+000
+5.00000000E-001  +0.00000000E+000  +0.00000000E+000  -1.92793402E-130  +0.00000000E+000  +0.00000000E+000  +0.00000000E+000  +0.00000000E+000  +0.00000000E+000  +0.00000000E+000  +0.00000000E+000  -2.16221967E-117  +0.00000000E+000  +0.00000000E+000  +0.00000000E+000  -1.61884876E-096  +0.00000000E+000  +0.00000000E+000  +0.00000000E+000  +0.00000000E+000  +0.00000000E+000  -1.17720315E-138  +0.00000000E+000  -3.73070569E-109  +0.00000000E+000  -1.25069378E-116  +0.00000000E+000  -9.51544368E-115  +0.00000000E+000  +0.00000000E+000  +0.00000000E+000  -8.93907168E-100  +0.00000000E+000  +0.00000000E+000  +0.00000000E+000  +0.00000000E+000  +0.00000000E+000  -2.36506681E-116  +0.00000000E+000  -8.93907168E-100  +0.00000000E+000  +0.00000000E+000  +0.00000000E+000  +0.00000000E+000  +0.00000000E+000  +0.00000000E+000  +0.00000000E+000  -9.20684064E-096  +0.00000000E+000
+7.50000000E-001  -1.34955365E-129  +0.00000000E+000  +0.00000000E+000  +0.00000000E+000  +0.00000000E+000  +0.00000000E+000  -1.04129188E-187  +0.00000000E+000  -6.87410841E-133  +0.00000000E+000  -1.23268453E-107  +0.00000000E+000  -7.16598793E-104  +0.00000000E+000  -7.07311229E-087  +0.00000000E+000  +0.00000000E+000  +0.00000000E+000  +0.00000000E+000  +0.00000000E+000  +0.00000000E+000  +0.00000000E+000  -2.10305273E-099  +0.00000000E+000  +0.00000000E+000  +0.00000000E+000  -5.37319463E-105  +0.00000000E+000  +0.00000000E+000  +0.00000000E+000  -5.08213452E-090  +0.00000000E+000  -6.49508758E-115  +0.00000000E+000  -3.57071414E-103  +0.00000000E+000  -2.43338585E-107  +0.00000000E+000  -5.08213452E-090  +0.00000000E+000  +0.00000000E+000  +0.00000000E+000  +0.00000000E+000  +0.00000000E+000  +0.00000000E+000  +0.00000000E+000  -2.25805499E-086  +0.00000000E+000
+1.00000000E+000  +0.00000000E+000  +0.00000000E+000  +0.00000000E+000  +0.00000000E+000  +0.00000000E+000  +0.00000000E+000  +0.00000000E+000  +0.00000000E+000  +0.00000000E+000  +0.00000000E+000  -9.05749418E-115  +0.00000000E+000  +0.00000000E+000  +0.00000000E+000  +0.00000000E+000  +0.00000000E+000  +0.00000000E+000  +0.00000000E+000  -2.10020059E-094  +0.00000000E+000  -1.86535284E-109  +0.00000000E+000  -7.16295379E-107  +0.00000000E+000  -4.55408409E-113  +0.00000000E+000  -1.82163364E-112  +0.00000000E+000  -1.45730691E-111  +0.00000000E+000  +0.00000000E+000  +0.00000000E+000  -5.93836902E-114  +0.00000000E+000  +0.00000000E+000  +0.00000000E+000  +0.00000000E+000  +0.00000000E+000  +0.00000000E+000  +0.00000000E+000  +0.00000000E+000  +0.00000000E+000  +0.00000000E+000  +0.00000000E+000  +0.00000000E+000  +0.00000000E+000  +0.00000000E+000  +0.00000000E+000
+1.25000000E+000  -1.51497243E-105  +0.00000000E+000  -1.55592956E-111  +0.00000000E+000  +0.00000000E+000  +0.00000000E+000  +0.00000000E+000  +0.00000000E+000  -7.71667935E-109  +0.00000000E+000  +0.00000000E+000  +0.00000000E+000  +0.00000000E+000  +0.00000000E+000  +0.00000000E+000  +0.00000000E+000  -3.89351732E-085  +0.00000000E+000  -4.27951918E-072  +0.00000000E+000  -2.94028083E-093  +0.00000000E+000  -5.95480648E-085  +0.00000000E+000  +0.00000000E+000  +0.00000000E+000  -5.37654574E-089  +0.00000000E+000  +0.00000000E+000  +0.00000000E+000  +0.00000000E+000  +0.00000000E+000  -7.29120528E-091  +0.00000000E+000  +0.00000000E+000  +0.00000000E+000  +0.00000000E+000  +0.00000000E+000  +0.00000000E+000  +0.00000000E+000  -6.99956761E-088  +0.00000000E+000  -1.72297143E-088  +0.00000000E+000  -5.38428573E-089  +0.00000000E+000  +0.00000000E+000  +0.00000000E+000
+1.50000000E+000  +0.00000000E+000  +0.00000000E+000  +0.00000000E+000  +0.00000000E+000  -1.31513504E-096  +0.00000000E+000  -3.13274208E-096  +0.00000000E+000  -1.04426595E-096  +0.00000000E+000  +0.00000000E+000  +0.00000000E+000  -3.14461943E-076  +0.00000000E+000  +0.00000000E+000  +0.00000000E+000  -1.23970178E-073  +0.00000000E+000  -6.33010638E-060  +0.00000000E+000  -9.68546572E-076  +0.00000000E+000  +0.00000000E+000  +0.00000000E+000  -2.67517986E-078  +0.00000000E+000  +0.00000000E+000  +0.00000000E+000  -4.41528128E-075  +0.00000000E+000  +0.00000000E+000  +0.00000000E+000  -9.86688322E-079  +0.00000000E+000  -1.38922536E-075  +0.00000000E+000  -3.44250849E-080  +0.00000000E+000  +0.00000000E+000  +0.00000000E+000  -2.52590283E-076  +0.00000000E+000  +0.00000000E+000  +0.00000000E+000  -5.92008477E-077  +0.00000000E+000  +0.00000000E+000  +0.00000000E+000
+1.75000000E+000  -1.17562717E-088  +0.00000000E+000  +0.00000000E+000  +0.00000000E+000  -6.68120151E-091  +0.00000000E+000  -8.38325087E-091  +0.00000000E+000  +0.00000000E+000  +0.00000000E+000  +0.00000000E+000  +0.00000000E+000  -6.43766001E-071  +0.00000000E+000  +0.00000000E+000  +0.00000000E+000  -2.13266207E-068  +0.00000000E+000  -8.14230194E-055  +0.00000000E+000  -1.11073889E-070  +0.00000000E+000  +0.00000000E+000  +0.00000000E+000  -9.80797273E-073  +0.00000000E+000  -3.14227029E-073  +0.00000000E+000  -4.14128279E-070  +0.00000000E+000  +0.00000000E+000  +0.00000000E+000  +0.00000000E+000  +0.00000000E+000  -1.15866573E-070  +0.00000000E+000  -3.94815334E-075  +0.00000000E+000  +0.00000000E+000  +0.00000000E+000  -7.24209179E-071  +0.00000000E+000  +0.00000000E+000  +0.00000000E+000  +0.00000000E+000  +0.00000000E+000  +0.00000000E+000  +0.00000000E+000
+2.00000000E+000  +0.00000000E+000  +0.00000000E+000  +0.00000000E+000  +0.00000000E+000  -8.41722131E-095  +0.00000000E+000  -2.00497532E-094  +0.00000000E+000  -6.68325108E-095  +0.00000000E+000  +0.00000000E+000  +0.00000000E+000  -2.01256840E-074  +0.00000000E+000  +0.00000000E+000  +0.00000000E+000  -7.93433351E-072  +0.00000000E+000  -4.05130625E-058  +0.00000000E+000  -6.19869658E-074  +0.00000000E+000  +0.00000000E+000  +0.00000000E+000  -1.71210874E-076  +0.00000000E+000  +0.00000000E+000  +0.00000000E+000  -2.82577110E-073  +0.00000000E+000  +0.00000000E+000  +0.00000000E+000  -6.31475708E-077  +0.00000000E+000  -8.89117759E-074  +0.00000000E+000  -2.20334315E-078  +0.00000000E+000  +0.00000000E+000  +0.00000000E+000  -1.61657777E-074  +0.00000000E+000  -1.35608376E-067  +0.00000000E+000  +0.00000000E+000  +0.00000000E+000  +0.00000000E+000  +0.00000000E+000
+2.25000000E+000  +0.00000000E+000  +0.00000000E+000  -4.68430243E-079  +0.00000000E+000  +0.00000000E+000  +0.00000000E+000  +0.00000000E+000  +0.00000000E+000  +0.00000000E+000  +0.00000000E+000  -4.77459065E-066  +0.00000000E+000  +0.00000000E+000  +0.00000000E+000  -1.08881258E-045  +0.00000000E+000  +0.00000000E+000  +0.00000000E+000  +0.00000000E+000  +0.00000000E+000  -7.33131763E-069  +0.00000000E+000  -2.12160263E-059  +0.00000000E+000  -2.10565401E-063  +0.00000000E+000  +0.00000000E+000  +0.00000000E+000  +0.00000000E+000  +0.00000000E+000  -1.91291971E-048  +0.00000000E+000  -4.51304675E-064  +0.00000000E+000  +0.00000000E+000  +0.00000000E+000  -3.02450645E-068  +0.00000000E+000  -1.91291971E-048  +0.00000000E+000  +0.00000000E+000  +0.00000000E+000  -2.22180763E-063  +0.00000000E+000  +0.00000000E+000  +0.00000000E+000  -3.47602138E-046  +0.00000000E+000
+2.50000000E+000  +0.00000000E+000  +0.00000000E+000  -9.44244164E-075  +0.00000000E+000  +0.00000000E+000  +0.00000000E+000  -4.90250502E-075  +0.00000000E+000  +0.00000000E+000  +0.00000000E+000  +0.00000000E+000  +0.00000000E+000  +0.00000000E+000  +0.00000000E+000  +1.80700466E-038  +0.00000000E+000  -3.71624755E-053  +0.00000000E+000  -1.80700466E-038  +0.00000000E+000  +0.00000000E+000  +0.00000000E+000  +0.00000000E+000  +0.00000000E+000  -1.04094780E-055  +0.00000000E+000  +0.00000000E+000  +0.00000000E+000  -1.21475148E-055  +0.00000000E+000  +3.75002461E-041  +0.00000000E+000  +0.00000000E+000  +0.00000000E+000  -7.41154145E-056  +0.00000000E+000  +0.00000000E+000  +0.00000000E+000  +3.75002461E-041  +0.00000000E+000  +0.00000000E+000  +0.00000000E+000  -2.23654479E-055  +0.00000000E+000  +0.00000000E+000  +0.00000000E+000  +3.44084240E-039  +0.00000000E+000
+2.75000000E+000  -4.33733285E-069  +0.00000000E+000  -4.33723047E-069  +0.00000000E+000  +0.00000000E+000  +0.00000000E+000  +0.00000000E+000  +0.00000000E+000  -1.03558749E-073  +0.00000000E+000  +0.00000000E+000  +0.00000000E+000  -4.63673172E-054  +0.00000000E+000  +3.18110288E-035  +0.00000000E+000  -3.25249651E-050  +0.00000000E+000  -3.18110288E-035  +0.00000000E+000  +0.00000000E+000  +0.00000000E+000  +0.00000000E+000  +0.00000000E+000  -1.38992242E-052  +0.00000000E+000  +0.00000000E+000  +0.00000000E+000  +0.00000000E+000  +0.00000000E+000  +7.10533673E-038  +0.00000000E+000  -8.34983291E-054  +0.00000000E+000  -2.66673844E-052  +0.00000000E+000  -2.15554621E-054  +0.00000000E+000  +7.10533673E-038  +0.00000000E+000  -4.02872064E-052  +0.00000000E+000  +0.00000000E+000  +0.00000000E+000  +0.00000000E+000  +0.00000000E+000  +4.74603471E-036  +0.00000000E+000
+3.00000000E+000  +0.00000000E+000  +0.00000000E+000  -5.40994314E-080  +0.00000000E+000  +0.00000000E+000  +0.00000000E+000  -3.15607609E-073  +0.00000000E+000  +0.00000000E+000  +0.00000000E+000  +0.00000000E+000  +0.00000000E+000  +0.00000000E+000  +0.00000000E+000  +1.15900296E-036  +0.00000000E+000  -2.34180192E-051  +0.00000000E+000  -1.15900296E-036  +0.00000000E+000  +0.00000000E+000  +0.00000000E+000  +0.00000000E+000  +0.00000000E+000  -6.65700902E-054  +0.00000000E+000  +0.00000000E+000  +0.00000000E+000  -6.85712870E-054  +0.00000000E+000  +2.40484515E-039  +0.00000000E+000  +0.00000000E+000  +0.00000000E+000  -4.77129555E-054  +0.00000000E+000  +0.00000000E+000  +0.00000000E+000  +2.40484515E-039  +0.00000000E+000  +0.00000000E+000  +0.00000000E+000  +0.00000000E+000  +0.00000000E+000  +0.00000000E+000  +0.00000000E+000  +2.20831624E-037  +0.00000000E+000
+3.25000000E+000  +0.00000000E+000  +0.00000000E+000  -1.68217484E-062  +0.00000000E+000  -9.75372101E-064  +0.00000000E+000  +0.00000000E+000  +0.00000000E+000  +0.00000000E+000  +0.00000000E+000  -3.42110921E-049  +0.00000000E+000  +0.00000000E+000  +0.00000000E+000  -5.17316961E-029  +0.00000000E+000  +4.13912711E-043  +0.00000000E+000  +5.17316961E-029  +0.00000000E+000  -6.68736824E-047  +0.00000000E+000  -2.92343156E-044  +0.00000000E+000  -6.39662832E-047  +0.00000000E+000  -1.50404682E-046  +0.00000000E+000  -4.73905485E-045  +0.00000000E+000  -1.31917651E-031  +0.00000000E+000  +0.00000000E+000  +0.00000000E+000  +0.00000000E+000  +0.00000000E+000  -2.91015367E-048  +0.00000000E+000  -1.31917651E-031  +0.00000000E+000  +0.00000000E+000  +0.00000000E+000  +0.00000000E+000  +0.00000000E+000  -2.80171696E-046  +0.00000000E+000  -4.80463458E-030  +0.00000000E+000
+3.50000000E+000  +0.00000000E+000  +0.00000000E+000  +0.00000000E+000  +0.00000000E+000  -7.80181094E-061  +0.00000000E+000  +0.00000000E+000  +0.00000000E+000  +0.00000000E+000  +0.00000000E+000  -3.26902562E-046  +0.00000000E+000  -3.84542458E-042  +0.00000000E+000  -4.60870450E-026  +0.00000000E+000  +1.42694122E-040  +0.00000000E+000  +4.60870450E-026  +0.00000000E+000  -2.01469900E-046  +0.00000000E+000  -2.95372083E-041  +0.00000000E+000  -6.30934952E-043  +0.00000000E+000  -3.76722156E-043  +0.00000000E+000  -3.64916387E-042  +0.00000000E+000  -1.24851214E-028  +0.00000000E+000  +0.00000000E+000  +0.00000000E+000  +5.45601236E-043  +0.00000000E+000  -7.23924361E-045  +0.00000000E+000  -1.24851214E-028  +0.00000000E+000  +8.93978012E-043  +0.00000000E+000  +0.00000000E+000  +0.00000000E+000  -8.19702334E-044  +0.00000000E+000  -3.37949850E-027  +0.00000000E+000
+3.75000000E+000  +0.00000000E+000  +0.00000000E+000  +0.00000000E+000  +0.00000000E+000  +0.00000000E+000  +0.00000000E+000  +0.00000000E+000  +0.00000000E+000  -2.83341487E-058  +0.00000000E+000  +8.46023017E-042  +0.00000000E+000  +4.68893683E-038  +0.00000000E+000  +1.04569798E-021  +0.00000000E+000  -1.49888894E-036  +0.00000000E+000  -1.04569798E-021  +0.00000000E+000  +1.48696920E-037  +0.00000000E+000  +8.47702968E-037  +0.00000000E+000  -6.54621073E-039  +0.00000000E+000  -2.08012988E-039  +0.00000000E+000  +1.27580631E-037  +0.00000000E+000  +3.16332015E-024  +0.00000000E+000  -2.96141467E-043  +0.00000000E+000  -9.33821117E-039  +0.00000000E+000  +2.35518143E-041  +0.00000000E+000  +3.16332015E-024  +0.00000000E+000  -2.36801454E-039  +0.00000000E+000  +0.00000000E+000  +0.00000000E+000  +0.00000000E+000  +0.00000000E+000  +4.74949189E-023  +0.00000000E+000
+4.00000000E+000  -8.72029326E-056  +0.00000000E+000  +0.00000000E+000  +0.00000000E+000  +0.00000000E+000  +0.00000000E+000  -8.88356444E-059  +0.00000000E+000  -2.66506933E-058  +0.00000000E+000  +2.53752087E-042  +0.00000000E+000  +0.00000000E+000  +0.00000000E+000  +3.35177992E-022  +0.00000000E+000  +4.94368980E-037  +0.00000000E+000  -3.35177992E-022  +0.00000000E+000  -4.11974150E-038  +0.00000000E+000  +1.64789660E-037  +0.00000000E+000  -8.37747400E-041  +0.00000000E+000  -1.46387916E-039  +0.00000000E+000  +1.23736551E-038  +0.00000000E+000  +9.59518367E-025  +0.00000000E+000  +0.00000000E+000  +0.00000000E+000  -6.71500152E-040  +0.00000000E+000  +6.71137542E-041  +0.00000000E+000  +9.59518367E-025  +0.00000000E+000  -9.54259111E-054  +0.00000000E+000  +0.00000000E+000  +0.00000000E+000  +0.00000000E+000  +0.00000000E+000  +1.95378650E-023  +0.00000000E+000
+4.25000000E+000  -3.12525780E-052  +0.00000000E+000  -8.64155378E-051  +0.00000000E+000  -6.57756962E-052  +0.00000000E+000  +0.00000000E+000  +0.00000000E+000  -1.29403971E-054  +0.00000000E+000  -3.79451948E-037  +0.00000000E+000  -2.44587914E-033  +0.00000000E+000  -4.13709523E-017  +0.00000000E+000  +3.70153362E-033  +0.00000000E+000  +4.13709523E-017  +0.00000000E+000  +3.04824179E-034  +0.00000000E+000  -4.60945697E-032  +0.00000000E+000  +3.45630954E-034  +0.00000000E+000  +2.19786200E-034  +0.00000000E+000  +3.06824354E-033  +0.00000000E+000  -1.38417867E-019  +0.00000000E+000  -3.57560401E-035  +0.00000000E+000  +2.19760585E-034  +0.00000000E+000  -1.80870622E-035  +0.00000000E+000  -1.38417867E-019  +0.00000000E+000  +4.86656303E-035  +0.00000000E+000  +0.00000000E+000  +0.00000000E+000  +0.00000000E+000  +0.00000000E+000  -1.10914478E-018  +0.00000000E+000
+4.50000000E+000  -2.92675924E-048  +0.00000000E+000  +0.00000000E+000  +0.00000000E+000  +0.00000000E+000  +0.00000000E+000  -3.70117733E-049  +0.00000000E+000  -1.07312775E-049  +0.00000000E+000  +1.91179464E-033  +0.00000000E+000  +1.55607859E-029  +0.00000000E+000  +1.85043518E-013  +0.00000000E+000  -2.77618586E-029  +0.00000000E+000  -1.85043518E-013  +0.00000000E+000  +2.21183682E-029  +0.00000000E+000  -1.04374620E-028  +0.00000000E+000  -6.84143699E-032  +0.00000000E+000  -5.70533963E-030  +0.00000000E+000  +2.69699301E-030  +0.00000000E+000  +6.78023855E-016  +0.00000000E+000  +1.02317284E-031  +0.00000000E+000  +1.17890447E-031  +0.00000000E+000  +1.75431633E-031  +0.00000000E+000  +6.78023855E-016  +0.00000000E+000  -1.67569299E-031  +0.00000000E+000  +1.44203560E-030  +0.00000000E+000  +0.00000000E+000  +0.00000000E+000  +2.66380339E-015  +0.00000000E+000
+4.75000000E+000  -1.28974568E-045  +0.00000000E+000  +0.00000000E+000  +0.00000000E+000  +0.00000000E+000  +0.00000000E+000  -8.09870411E-048  +0.00000000E+000  -4.58786919E-048  +0.00000000E+000  +1.05095464E-031  +0.00000000E+000  +1.55677167E-027  +0.00000000E+000  +9.59808113E-012  +0.00000000E+000  +2.04835446E-027  +0.00000000E+000  -9.59808113E-012  +0.00000000E+000  -1.39341474E-027  +0.00000000E+000  +5.07773791E-027  +0.00000000E+000  -1.28348681E-028  +0.00000000E+000  -1.81848099E-028  +0.00000000E+000  +1.18761877E-027  +0.00000000E+000  +3.66956120E-014  +0.00000000E+000  +9.38234092E-030  +0.00000000E+000  +1.42527991E-029  +0.00000000E+000  +2.98671528E-030  +0.00000000E+000  +3.66956120E-014  +0.00000000E+000  -1.14581490E-029  +0.00000000E+000  +0.00000000E+000  +0.00000000E+000  +4.61451391E-029  +0.00000000E+000  +9.34338418E-014  +0.00000000E+000
+5.00000000E+000  +0.00000000E+000  +0.00000000E+000  +0.00000000E+000  +0.00000000E+000  +0.00000000E+000  +0.00000000E+000  -2.44189560E-047  +0.00000000E+000  -6.10473900E-048  +0.00000000E+000  +1.35001629E-031  +0.00000000E+000  +1.08242365E-027  +0.00000000E+000  +1.31436472E-011  +0.00000000E+000  -2.65412325E-027  +0.00000000E+000  -1.31436472E-011  +0.00000000E+000  +1.41553240E-027  +0.00000000E+000  -6.19295425E-027  +0.00000000E+000  -9.17431231E-030  +0.00000000E+000  -3.67047545E-028  +0.00000000E+000  +3.19952805E-028  +0.00000000E+000  +4.79464049E-014  +0.00000000E+000  +5.76814239E-030  +0.00000000E+000  +2.34330784E-030  +0.00000000E+000  +1.10968215E-029  +0.00000000E+000  +4.79464049E-014  +0.00000000E+000  -1.15362848E-029  +0.00000000E+000  +0.00000000E+000  +0.00000000E+000  +0.00000000E+000  +0.00000000E+000  +1.96799735E-013  +0.00000000E+000
+5.25000000E+000  +7.20041154E-042  +0.00000000E+000  +7.75631325E-042  +0.00000000E+000  +4.03124474E-043  +0.00000000E+000  -1.16421201E-044  +0.00000000E+000  +0.00000000E+000  +0.00000000E+000  -3.68255268E-028  +0.00000000E+000  -4.00177120E-025  +0.00000000E+000  -2.96928063E-008  +0.00000000E+000  -1.93548166E-023  +0.00000000E+000  +2.96928063E-008  +0.00000000E+000  -4.79279365E-024  +0.00000000E+000  -2.83409344E-023  +0.00000000E+000  -8.93110104E-026  +0.00000000E+000  +9.90431085E-026  +0.00000000E+000  +4.83037191E-025  +0.00000000E+000  -1.23846491E-010  +0.00000000E+000  -3.25589118E-026  +0.00000000E+000  +1.50271871E-026  +0.00000000E+000  +3.66252690E-028  +0.00000000E+000  -1.23846491E-010  +0.00000000E+000  +1.75261247E-027  +0.00000000E+000  +1.89010490E-025  +0.00000000E+000  -1.89010490E-025  +0.00000000E+000  -5.69919676E-011  +0.00000000E+000
+5.50000000E+000  +3.66341193E-039  +0.00000000E+000  -1.22731712E-040  +0.00000000E+000  -3.08595372E-040  +0.00000000E+000  -3.22560978E-042  +0.00000000E+000  +1.44279096E-041  +0.00000000E+000  +2.19157111E-025  +0.00000000E+000  +1.36188488E-022  +0.00000000E+000  +1.58509417E-005  +0.00000000E+000  -3.22515539E-021  +0.00000000E+000  -1.58509417E-005  +0.00000000E+000  +3.83249594E-021  +0.00000000E+000  +3.56576787E-021  +0.00000000E+000  -6.51076892E-023  +0.00000000E+000  -4.36949419E-022  +0.00000000E+000  +4.32569362E-024  +0.00000000E+000  +7.09109582E-008  +0.00000000E+000  -2.02008422E-024  +0.00000000E+000  -2.77255281E-023  +0.00000000E+000  +3.51889927E-024  +0.00000000E+000  +7.09109582E-008  +0.00000000E+000  -1.51148893E-023  +0.00000000E+000  +0.00000000E+000  +0.00000000E+000  +0.00000000E+000  +0.00000000E+000  -4.26093557E-008  +0.00000000E+000
+5.75000000E+000  -7.17337468E-038  +0.00000000E+000  +4.39421685E-038  +0.00000000E+000  +4.82798020E-039  +0.00000000E+000  -3.35365937E-040  +0.00000000E+000  -2.92483613E-040  +0.00000000E+000  +4.59562191E-024  +0.00000000E+000  +3.10653025E-020  +0.00000000E+000  +3.15482056E-004  +0.00000000E+000  +1.10069699E-019  +0.00000000E+000  -3.15482056E-004  +0.00000000E+000  -2.60968912E-020  +0.00000000E+000  +1.03454672E-019  +0.00000000E+000  -9.48499302E-021  +0.00000000E+000  +2.02339865E-021  +0.00000000E+000  +3.83275439E-021  +0.00000000E+000  +1.45671139E-006  +0.00000000E+000  +5.30221076E-022  +0.00000000E+000  -4.86394269E-022  +0.00000000E+000  +6.85023803E-023  +0.00000000E+000  +1.45671139E-006  +0.00000000E+000  -2.29553540E-022  +0.00000000E+000  +0.00000000E+000  +0.00000000E+000  +0.00000000E+000  +0.00000000E+000  -1.38703408E-006  +0.00000000E+000
+6.00000000E+000  +2.01076273E-037  +0.00000000E+000  +0.00000000E+000  +0.00000000E+000  -2.37471617E-038  +0.00000000E+000  -2.09589581E-052  +0.00000000E+000  +8.19364199E-040  +0.00000000E+000  +1.83648153E-023  +0.00000000E+000  +6.62911512E-021  +0.00000000E+000  +1.34757839E-003  +0.00000000E+000  -6.54729094E-032  +0.00000000E+000  -1.34757839E-003  +0.00000000E+000  +1.89989543E-019  +0.00000000E+000  +2.49742025E-032  +0.00000000E+000  -6.93357550E-021  +0.00000000E+000  -2.66139125E-020  +0.00000000E+000  -2.13092245E-021  +0.00000000E+000  +5.97303129E-006  +0.00000000E+000  -2.75046462E-035  +0.00000000E+000  -1.54837393E-021  +0.00000000E+000  +2.24346996E-022  +0.00000000E+000  +5.97303129E-006  +0.00000000E+000  -2.50292281E-034  +0.00000000E+000  +0.00000000E+000  +0.00000000E+000  +0.00000000E+000  +0.00000000E+000  -2.82938576E-006  +0.00000000E+000
+6.25000000E+000  -4.47489820E-035  +0.00000000E+000  -1.96175038E-035  +0.00000000E+000  +8.02948515E-036  +0.00000000E+000  -1.02317754E-037  +0.00000000E+000  -3.52775045E-037  +0.00000000E+000  -1.55863670E-021  +0.00000000E+000  +2.14998553E-017  +0.00000000E+000  -8.62803104E-002  +0.00000000E+000  +1.37719076E-016  +0.00000000E+000  +8.62803104E-002  +0.00000000E+000  -2.08612785E-020  +0.00000000E+000  -7.08070524E-017  +0.00000000E+000  -6.85565123E-019  +0.00000000E+000  +3.78387321E-018  +0.00000000E+000  +3.73221939E-018  +0.00000000E+000  -4.51716884E-004  +0.00000000E+000  -4.07896450E-020  +0.00000000E+000  +7.17260361E-019  +0.00000000E+000  +1.62538745E-019  +0.00000000E+000  -4.51716884E-004  +0.00000000E+000  +8.32349416E-019  +0.00000000E+000  -7.92767453E-019  +0.00000000E+000  +7.92767453E-019  +0.00000000E+000  +8.92676007E-004  +0.00000000E+000
+6.50000000E+000  -5.50773045E-033  +0.00000000E+000  +8.18445779E-033  +0.00000000E+000  -1.05924153E-034  +0.00000000E+000  -8.80857482E-036  +0.00000000E+000  +2.22348814E-035  +0.00000000E+000  +2.72133050E-019  +0.00000000E+000  +1.33588729E-015  +0.00000000E+000  +1.47288555E+001  +0.00000000E+000  +2.74772376E-015  +0.00000000E+000  -1.47288555E+001  +0.00000000E+000  -1.55639433E-015  +0.00000000E+000  +4.85945753E-016  +0.00000000E+000  -5.09475568E-016  +0.00000000E+000  -6.05223647E-016  +0.00000000E+000  -1.40565532E-015  +0.00000000E+000  +7.73516272E-002  +0.00000000E+000  -8.32580018E-018  +0.00000000E+000  +2.98301980E-017  +0.00000000E+000  +8.04683784E-018  +0.00000000E+000  +7.73516272E-002  +0.00000000E+000  +1.32800161E-017  +0.00000000E+000  -5.07371170E-017  +0.00000000E+000  +0.00000000E+000  +0.00000000E+000  -1.41821752E-001  +0.00000000E+000
+6.75000000E+000  +2.41420216E-032  +0.00000000E+000  -5.80103036E-032  +0.00000000E+000  +7.42173953E-033  +0.00000000E+000  +9.83654914E-035  +0.00000000E+000  -2.78977122E-034  +0.00000000E+000  +3.25645188E-018  +0.00000000E+000  +5.01223837E-015  +0.00000000E+000  +1.71816748E+002  +0.00000000E+000  -7.72908808E-014  +0.00000000E+000  -1.71816748E+002  +0.00000000E+000  -3.23438197E-014  +0.00000000E+000  +3.37056648E-014  +0.00000000E+000  -2.79924028E-015  +0.00000000E+000  -5.39193561E-015  +0.00000000E+000  +6.26033652E-015  +0.00000000E+000  +9.12212290E-001  +0.00000000E+000  +2.67747143E-016  +0.00000000E+000  -2.78850919E-016  +0.00000000E+000  +8.37211984E-018  +0.00000000E+000  +9.12212290E-001  +0.00000000E+000  -3.23959697E-016  +0.00000000E+000  +1.62358774E-015  +0.00000000E+000  +0.00000000E+000  +0.00000000E+000  -1.70008814E+000  +0.00000000E+000
+7.00000000E+000  -2.10843754E-031  +0.00000000E+000  +4.21687507E-031  +0.00000000E+000  +3.85736230E-033  +0.00000000E+000  +0.00000000E+000  +0.00000000E+000  +8.59165634E-034  +0.00000000E+000  +2.88336273E-017  +0.00000000E+000  +1.22411784E-013  +0.00000000E+000  +1.58374692E+003  +0.00000000E+000  +1.99218475E-013  +0.00000000E+000  -1.58374692E+003  +0.00000000E+000  +0.00000000E+000  +0.00000000E+000  +0.00000000E+000  +0.00000000E+000  -3.16164122E-014  +0.00000000E+000  -3.57104677E-014  +0.00000000E+000  -5.69596339E-014  +0.00000000E+000  +8.26330107E+000  +0.00000000E+000  -8.11793872E-016  +0.00000000E+000  +1.62358774E-015  +0.00000000E+000  +5.27139974E-016  +0.00000000E+000  +8.26330107E+000  +0.00000000E+000  +0.00000000E+000  +0.00000000E+000  -6.49435098E-015  +0.00000000E+000  +1.29887020E-014  +0.00000000E+000  -1.50310559E+001  +0.00000000E+000
+7.25000000E+000  +8.20674308E-031  +0.00000000E+000  -6.78833496E-031  +0.00000000E+000  +9.00747681E-032  +0.00000000E+000  +1.71979957E-033  +0.00000000E+000  -3.65548128E-032  +0.00000000E+000  +3.07198367E-016  +0.00000000E+000  -1.89177836E-012  +0.00000000E+000  +1.77599534E+004  +0.00000000E+000  +2.67994081E-012  +0.00000000E+000  -1.77599534E+004  +0.00000000E+000  +1.12230623E-013  +0.00000000E+000  -3.94062022E-012  +0.00000000E+000  -3.86356017E-014  +0.00000000E+000  -2.19747740E-012  +0.00000000E+000  +1.12329925E-012  +0.00000000E+000  +9.14371446E+001  +0.00000000E+000  +1.18090640E-014  +0.00000000E+000  -4.87353792E-015  +0.00000000E+000  -1.13165852E-014  +0.00000000E+000  +9.14371446E+001  +0.00000000E+000  +9.64224225E-014  +0.00000000E+000  +0.00000000E+000  +0.00000000E+000  +2.07819231E-013  +0.00000000E+000  -1.68331478E+002  +0.00000000E+000
+7.50000000E+000  -2.25945437E-028  +0.00000000E+000  -2.32771504E-028  +0.00000000E+000  +4.07774262E-029  +0.00000000E+000  +1.92453102E-031  +0.00000000E+000  +8.25443383E-031  +0.00000000E+000  +1.31665862E-014  +0.00000000E+000  -1.43718874E-011  +0.00000000E+000  +5.61432513E+005  +0.00000000E+000  +1.65899185E-010  +0.00000000E+000  -5.61432513E+005  +0.00000000E+000  +7.98368037E-011  +0.00000000E+000  -4.15121497E-011  +0.00000000E+000  -9.14914542E-012  +0.00000000E+000  -8.96476667E-012  +0.00000000E+000  -4.61425806E-011  +0.00000000E+000  +3.25526233E+003  +0.00000000E+000  -6.08845404E-016  +0.00000000E+000  +6.88096781E-013  +0.00000000E+000  +3.81366680E-013  +0.00000000E+000  +3.25526233E+003  +0.00000000E+000  +1.48101645E-012  +0.00000000E+000  +0.00000000E+000  +0.00000000E+000  -6.65021540E-012  +0.00000000E+000  -6.75757185E+003  +0.00000000E+000
+7.75000000E+000  -8.02207772E-028  +0.00000000E+000  -9.34301383E-029  +0.00000000E+000  -1.70038483E-028  +0.00000000E+000  +6.73306628E-030  +0.00000000E+000  -6.15570698E-030  +0.00000000E+000  +1.30060268E-013  +0.00000000E+000  +5.91307197E-010  +0.00000000E+000  +5.36527638E+006  +0.00000000E+000  -7.36958943E-010  +0.00000000E+000  -5.36527638E+006  +0.00000000E+000  +3.56352047E-010  +0.00000000E+000  +1.49525916E-009  +0.00000000E+000  +3.85013606E-011  +0.00000000E+000  +2.19964301E-010  +0.00000000E+000  +8.10537827E-011  +0.00000000E+000  +3.15673574E+004  +0.00000000E+000  +0.00000000E+000  +0.00000000E+000  -1.72749736E-012  +0.00000000E+000  -2.27304321E-012  +0.00000000E+000  +3.15673574E+004  +0.00000000E+000  -7.64922923E-012  +0.00000000E+000  +0.00000000E+000  +0.00000000E+000  +2.66008616E-011  +0.00000000E+000  -6.64543846E+004  +0.00000000E+000
+8.00000000E+000  +6.90892812E-027  +0.00000000E+000  -6.90892812E-027  +0.00000000E+000  +6.05927572E-028  +0.00000000E+000  +8.44594185E-029  +0.00000000E+000  +5.63062790E-029  +0.00000000E+000  +1.14450617E-012  +0.00000000E+000  -2.27774661E-010  +0.00000000E+000  +4.48623675E+007  +0.00000000E+000  +3.26399549E-009  +0.00000000E+000  -4.48623675E+007  +0.00000000E+000  -6.52799098E-009  +0.00000000E+000  +6.52799098E-009  +0.00000000E+000  +8.11001299E-010  +0.00000000E+000  -4.06629304E-010  +0.00000000E+000  +9.01858505E-010  +0.00000000E+000  +2.69594115E+005  +0.00000000E+000  +0.00000000E+000  +0.00000000E+000  -7.98025848E-011  +0.00000000E+000  -1.04929759E-011  +0.00000000E+000  +2.69594115E+005  +0.00000000E+000  -2.66008616E-011  +0.00000000E+000  +0.00000000E+000  +0.00000000E+000  +0.00000000E+000  +0.00000000E+000  -5.74291424E+005  +0.00000000E+000
+8.25000000E+000  -4.11179055E-026  +0.00000000E+000  -2.51646237E-026  +0.00000000E+000  -1.12226729E-026  +0.00000000E+000  +3.13836023E-028  +0.00000000E+000  +2.82411181E-028  +0.00000000E+000  +9.00322034E-012  +0.00000000E+000  -1.82496032E-008  +0.00000000E+000  +3.25059334E+008  +0.00000000E+000  -3.14781128E-008  +0.00000000E+000  -3.25059334E+008  +0.00000000E+000  +2.42648102E-008  +0.00000000E+000  +4.80642461E-008  +0.00000000E+000  +5.35865358E-009  +0.00000000E+000  -9.33904740E-009  +0.00000000E+000  +8.08127011E-009  +0.00000000E+000  +2.01025934E+006  +0.00000000E+000  -1.72905600E-010  +0.00000000E+000  -2.67853012E-010  +0.00000000E+000  -1.20441347E-010  +0.00000000E+000  +2.01025934E+006  +0.00000000E+000  -2.60371519E-010  +0.00000000E+000  +0.00000000E+000  +0.00000000E+000  +0.00000000E+000  +0.00000000E+000  -4.30558055E+006  +0.00000000E+000
+8.50000000E+000  -8.67934095E-025  +0.00000000E+000  -5.80349962E-025  +0.00000000E+000  +3.69650956E-025  +0.00000000E+000  +5.73268303E-027  +0.00000000E+000  +3.94143953E-027  +0.00000000E+000  +6.39475329E-011  +0.00000000E+000  +1.61490691E-007  +0.00000000E+000  +2.00247646E+009  +0.00000000E+000  +1.13464643E-006  +0.00000000E+000  -2.00247646E+009  +0.00000000E+000  -2.10119710E-007  +0.00000000E+000  +8.07022885E-007  +0.00000000E+000  -4.06881985E-008  +0.00000000E+000  -4.45600045E-008  +0.00000000E+000  -1.14725236E-007  +0.00000000E+000  +1.28596406E+007  +0.00000000E+000  +9.15069639E-009  +0.00000000E+000  -2.13305659E-009  +0.00000000E+000  +1.41870754E-009  +0.00000000E+000  +1.28596406E+007  +0.00000000E+000  +3.61272952E-009  +0.00000000E+000  -6.80982057E-009  +0.00000000E+000  +6.80982057E-009  +0.00000000E+000  -2.74089004E+007  +0.00000000E+000
+8.75000000E+000  -1.49643065E-024  +0.00000000E+000  -1.25181141E-024  +0.00000000E+000  +6.84780117E-025  +0.00000000E+000  +2.20263125E-026  +0.00000000E+000  -4.88967246E-026  +0.00000000E+000  +3.45930853E-010  +0.00000000E+000  +2.03183372E-007  +0.00000000E+000  +9.54393629E+009  +0.00000000E+000  -1.96227329E-006  +0.00000000E+000  -9.54393629E+009  +0.00000000E+000  +1.50796592E-006  +0.00000000E+000  -1.46492198E-006  +0.00000000E+000  +1.28197795E-007  +0.00000000E+000  +7.87885198E-008  +0.00000000E+000  -9.32728275E-007  +0.00000000E+000  +6.32895010E+007  +0.00000000E+000  -3.23998494E-008  +0.00000000E+000  +7.67767368E-009  +0.00000000E+000  -4.37097016E-009  +0.00000000E+000  +6.32895010E+007  +0.00000000E+000  +5.60779414E-009  +0.00000000E+000  -5.44785645E-008  +0.00000000E+000  +0.00000000E+000  +0.00000000E+000  -1.33748437E+008  +0.00000000E+000
+9.00000000E+000  -1.06121136E-023  +0.00000000E+000  -2.12242272E-023  +0.00000000E+000  +1.56635687E-024  +0.00000000E+000  +8.64864445E-026  +0.00000000E+000  -8.64864445E-026  +0.00000000E+000  +1.49943540E-009  +0.00000000E+000  -4.10745788E-006  +0.00000000E+000  +3.52826238E+010  +0.00000000E+000  +1.00269941E-005  +0.00000000E+000  -3.52826238E+010  +0.00000000E+000  +0.00000000E+000  +0.00000000E+000  +1.33693255E-005  +0.00000000E+000  -2.49054376E-006  +0.00000000E+000  -1.58067320E-006  +0.00000000E+000  +1.67903287E-007  +0.00000000E+000  +2.42062263E+008  +0.00000000E+000  -2.72392823E-008  +0.00000000E+000  -2.72392823E-008  +0.00000000E+000  -1.67374494E-008  +0.00000000E+000  +2.42062263E+008  +0.00000000E+000  +8.17178468E-008  +0.00000000E+000  +0.00000000E+000  +0.00000000E+000  +0.00000000E+000  +0.00000000E+000  -5.04278055E+008  +0.00000000E+000
+9.25000000E+000  -7.25402908E-023  +0.00000000E+000  -2.92869463E-023  +0.00000000E+000  +1.18931027E-023  +0.00000000E+000  +1.79673336E-025  +0.00000000E+000  -5.20382630E-025  +0.00000000E+000  +5.09514240E-009  +0.00000000E+000  -4.04801860E-006  +0.00000000E+000  +9.63417935E+010  +0.00000000E+000  +2.09711710E-005  +0.00000000E+000  -9.63417935E+010  +0.00000000E+000  -2.90169199E-006  +0.00000000E+000  -1.42049084E-005  +0.00000000E+000  +6.64032585E-007  +0.00000000E+000  +9.27059879E-007  +0.00000000E+000  -2.74053940E-006  +0.00000000E+000  +6.87058829E+008  +0.00000000E+000  -1.58807144E-008  +0.00000000E+000  -8.41784265E-008  +0.00000000E+000  -1.15995121E-007  +0.00000000E+000  +6.87058829E+008  +0.00000000E+000  +1.59578569E-007  +0.00000000E+000  +0.00000000E+000  +0.00000000E+000  -8.71657033E-007  +0.00000000E+000  -1.40164135E+009  +0.00000000E+000
+9.50000000E+000  -9.35192510E-023  +0.00000000E+000  -9.02029655E-023  +0.00000000E+000  -1.88070310E-023  +0.00000000E+000  -4.07207010E-025  +0.00000000E+000  -5.64864591E-025  +0.00000000E+000  +1.28761503E-008  +0.00000000E+000  -1.57617630E-005  +0.00000000E+000  +1.70104098E+011  +0.00000000E+000  +6.14153391E-005  +0.00000000E+000  -1.70104098E+011  +0.00000000E+000  -1.65027612E-005  +0.00000000E+000  +1.23248470E-005  +0.00000000E+000  +1.59236696E-005  +0.00000000E+000  +3.00101748E-005  +0.00000000E+000  +1.31062333E-005  +0.00000000E+000  +1.28126862E+009  +0.00000000E+000  -1.63435694E-007  +0.00000000E+000  -2.66434230E-007  +0.00000000E+000  -3.07105005E-007  +0.00000000E+000  +1.28126862E+009  +0.00000000E+000  +2.10466017E-007  +0.00000000E+000  +0.00000000E+000  +0.00000000E+000  +0.00000000E+000  +0.00000000E+000  -2.52738900E+009  +0.00000000E+000
+9.75000000E+000  -1.32589240E-022  +0.00000000E+000  -2.62559995E-022  +0.00000000E+000  +6.20842657E-023  +0.00000000E+000  +1.31148585E-024  +0.00000000E+000  -9.31756305E-025  +0.00000000E+000  +2.17750827E-008  +0.00000000E+000  -3.96308594E-005  +0.00000000E+000  +8.49515938E+010  +0.00000000E+000  -6.03186366E-005  +0.00000000E+000  -8.49515938E+010  +0.00000000E+000  +7.06655023E-005  +0.00000000E+000  +4.82549093E-005  +0.00000000E+000  -1.62960502E-005  +0.00000000E+000  +2.92013003E-006  +0.00000000E+000  -3.66911288E-005  +0.00000000E+000  +8.27984912E+008  +0.00000000E+000  -2.90694216E-007  +0.00000000E+000  -2.26612740E-007  +0.00000000E+000  +2.72086720E-007  +0.00000000E+000  +8.27984912E+008  +0.00000000E+000  +4.57967083E-007  +0.00000000E+000  +0.00000000E+000  +0.00000000E+000  -3.48662813E-006  +0.00000000E+000  -1.39667987E+009  +0.00000000E+000
+1.00000000E+001  -1.13195878E-022  +0.00000000E+000  +1.69793817E-022  +0.00000000E+000  +1.17966714E-022  +0.00000000E+000  +1.84504415E-024  +0.00000000E+000  +2.30630519E-024  +0.00000000E+000  +1.29110684E-008  +0.00000000E+000  -4.46246695E-005  +0.00000000E+000  -5.12662535E+011  +0.00000000E+000  +1.06954604E-004  +0.00000000E+000  +5.12662535E+011  +0.00000000E+000  -1.60431906E-004  +0.00000000E+000  +5.34773021E-005  +0.00000000E+000  +1.11013950E-004  +0.00000000E+000  +3.88606880E-005  +0.00000000E+000  +9.60835423E-005  +0.00000000E+000  -3.37852894E+009  +0.00000000E+000  -3.67738809E-021  +0.00000000E+000  -8.71657033E-007  +0.00000000E+000  -1.04078290E-006  +0.00000000E+000  -3.37852894E+009  +0.00000000E+000  -1.30748555E-006  +0.00000000E+000  +0.00000000E+000  +0.00000000E+000  +0.00000000E+000  +0.00000000E+000  +7.24272075E+009  +0.00000000E+000
+1.02500000E+001  +2.04093191E-022  +0.00000000E+000  -6.96385410E-023  +0.00000000E+000  -3.46985296E-022  +0.00000000E+000  -1.97995399E-024  +0.00000000E+000  +3.57252079E-024  +0.00000000E+000  -4.94173280E-008  +0.00000000E+000  -7.10159870E-005  +0.00000000E+000  -1.71000655E+012  +0.00000000E+000  -5.08530497E-004  +0.00000000E+000  +1.71000655E+012  +0.00000000E+000  -3.37823533E-006  +0.00000000E+000  -5.19105843E-005  +0.00000000E+000  -1.14508009E-004  +0.00000000E+000  -2.60916591E-005  +0.00000000E+000  +1.08488019E-004  +0.00000000E+000  -1.24381164E+010  +0.00000000E+000  +1.61020335E-006  +0.00000000E+000  -1.34801196E-006  +0.00000000E+000  -1.13897414E-006  +0.00000000E+000  -1.24381164E+010  +0.00000000E+000  +1.76800299E-006  +0.00000000E+000  +6.97325626E-006  +0.00000000E+000  +0.00000000E+000  +0.00000000E+000  +2.49079586E+010  +0.00000000E+000
+1.05000000E+001  +3.29682996E-021  +0.00000000E+000  -1.43263533E-021  +0.00000000E+000  -1.11209529E-021  +0.00000000E+000  +2.30630519E-025  +0.00000000E+000  +2.33225112E-023  +0.00000000E+000  -1.75949246E-007  +0.00000000E+000  +1.73869148E-005  +0.00000000E+000  -2.40147185E+012  +0.00000000E+000  +1.58760741E-004  +0.00000000E+000  +2.40147185E+012  +0.00000000E+000  +5.54827009E-004  +0.00000000E+000  -1.69623318E-004  +0.00000000E+000  +1.46572055E-004  +0.00000000E+000  +8.48581406E-006  +0.00000000E+000  -2.66528790E-004  +0.00000000E+000  -1.85690268E+010  +0.00000000E+000  +1.36196411E-007  +0.00000000E+000  -2.88736392E-006  +0.00000000E+000  +4.03697931E-007  +0.00000000E+000  -1.85690268E+010  +0.00000000E+000  -6.15607779E-006  +0.00000000E+000  +5.57860501E-005  +0.00000000E+000  +0.00000000E+000  +0.00000000E+000  +3.56059597E+010  +0.00000000E+000
+1.07500000E+001  +1.32120814E-021  +0.00000000E+000  +8.39683488E-022  +0.00000000E+000  +6.69093141E-022  +0.00000000E+000  +9.05404966E-024  +0.00000000E+000  +5.72612335E-024  +0.00000000E+000  -2.73276803E-007  +0.00000000E+000  +1.92513577E-004  +0.00000000E+000  -3.03855333E+011  +0.00000000E+000  +6.31230616E-004  +0.00000000E+000  +3.03855333E+011  +0.00000000E+000  +2.29576387E-004  +0.00000000E+000  +4.56358793E-004  +0.00000000E+000  -2.19131046E-004  +0.00000000E+000  +3.52154392E-004  +0.00000000E+000  -2.75178256E-004  +0.00000000E+000  -4.07335089E+009  +0.00000000E+000  +6.86004300E-006  +0.00000000E+000  -4.40340023E-006  +0.00000000E+000  +2.72953503E-006  +0.00000000E+000  -4.07335089E+009  +0.00000000E+000  +1.82196749E-005  +0.00000000E+000  -5.57860501E-005  +0.00000000E+000  +0.00000000E+000  +0.00000000E+000  +5.61570963E+009  +0.00000000E+000
+1.10000000E+001  -1.81113405E-021  +0.00000000E+000  -1.81113405E-021  +0.00000000E+000  +1.10286763E-021  +0.00000000E+000  +2.58306181E-023  +0.00000000E+000  +3.27745679E-039  +0.00000000E+000  -1.48129335E-007  +0.00000000E+000  -1.04569260E-003  +0.00000000E+000  +5.05874885E+012  +0.00000000E+000  -8.55636834E-004  +0.00000000E+000  -5.05874885E+012  +0.00000000E+000  +1.71127367E-003  +0.00000000E+000  -4.27818417E-004  +0.00000000E+000  -1.77819321E-004  +0.00000000E+000  -4.04654248E-004  +0.00000000E+000  -4.92064870E-004  +0.00000000E+000  +3.64083925E+010  +0.00000000E+000  -1.74331407E-005  +0.00000000E+000  -3.48662813E-006  +0.00000000E+000  -8.80260636E-006  +0.00000000E+000  +3.64083925E+010  +0.00000000E+000  -1.39465125E-005  +0.00000000E+000  -2.78930250E-005  +0.00000000E+000  +2.78930250E-005  +0.00000000E+000  -7.28808361E+010  +0.00000000E+000
+1.12500000E+001  +4.04874242E-021  +0.00000000E+000  +1.71407743E-021  +0.00000000E+000  -1.37755175E-021  +0.00000000E+000  +3.11107957E-023  +0.00000000E+000  +2.42522405E-023  +0.00000000E+000  +2.86055521E-007  +0.00000000E+000  -2.93528556E-004  +0.00000000E+000  +9.18644402E+012  +0.00000000E+000  -5.81696220E-004  +0.00000000E+000  -9.18644402E+012  +0.00000000E+000  -9.88181162E-004  +0.00000000E+000  -3.37719085E-004  +0.00000000E+000  -1.05587043E-003  +0.00000000E+000  +1.67002424E-003  +0.00000000E+000  +7.80259796E-004  +0.00000000E+000  +6.97145556E+010  +0.00000000E+000  +1.50203361E-005  +0.00000000E+000  +7.19960632E-006  +0.00000000E+000  -1.69150436E-005  +0.00000000E+000  +6.97145556E+010  +0.00000000E+000  +8.45336478E-006  +0.00000000E+000  +0.00000000E+000  +0.00000000E+000  +0.00000000E+000  +0.00000000E+000  -1.34627490E+011  +0.00000000E+000
+1.15000000E+001  -1.43971008E-021  +0.00000000E+000  +8.75853108E-021  +0.00000000E+000  -1.94722897E-021  +0.00000000E+000  -5.85224941E-023  +0.00000000E+000  -1.04936886E-023  +0.00000000E+000  +7.61881675E-007  +0.00000000E+000  +7.47015850E-004  +0.00000000E+000  +5.38607153E+012  +0.00000000E+000  +2.79920253E-003  +0.00000000E+000  -5.38607153E+012  +0.00000000E+000  +1.14976200E-003  +0.00000000E+000  -8.89060147E-004  +0.00000000E+000  -4.76346716E-004  +0.00000000E+000  -9.36218654E-004  +0.00000000E+000  -1.25966968E-003  +0.00000000E+000  +4.33949916E+010  +0.00000000E+000  -1.53629552E-005  +0.00000000E+000  +3.01427663E-005  +0.00000000E+000  -6.57967653E-006  +0.00000000E+000  +4.33949916E+010  +0.00000000E+000  +4.00075362E-005  +0.00000000E+000  +1.11572100E-004  +0.00000000E+000  +0.00000000E+000  +0.00000000E+000  -8.09575268E+010  +0.00000000E+000
+1.17500000E+001  -2.81574747E-020  +0.00000000E+000  +4.13695561E-021  +0.00000000E+000  -4.62069229E-022  +0.00000000E+000  -2.28180069E-023  +0.00000000E+000  -1.51380107E-022  +0.00000000E+000  +7.55851565E-007  +0.00000000E+000  +2.69962831E-003  +0.00000000E+000  -6.72704130E+012  +0.00000000E+000  +1.83828226E-003  +0.00000000E+000  +6.72704130E+012  +0.00000000E+000  -1.66113870E-003  +0.00000000E+000  +3.45931298E-003  +0.00000000E+000  +1.66953646E-004  +0.00000000E+000  +3.17101545E-004  +0.00000000E+000  -1.59503890E-003  +0.00000000E+000  -4.78423353E+010  +0.00000000E+000  +2.02115474E-005  +0.00000000E+000  -1.07405235E-005  +0.00000000E+000  -2.48129062E-006  +0.00000000E+000  -4.78423353E+010  +0.00000000E+000  +2.04498380E-005  +0.00000000E+000  +1.11572100E-004  +0.00000000E+000  +0.00000000E+000  +0.00000000E+000  +9.56857724E+010  +0.00000000E+000
+1.20000000E+001  -1.26779384E-020  +0.00000000E+000  -1.27080204E-034  +0.00000000E+000  +8.05283663E-021  +0.00000000E+000  +8.85621192E-023  +0.00000000E+000  -7.38017660E-023  +0.00000000E+000  +1.89578540E-008  +0.00000000E+000  +8.72379935E-004  +0.00000000E+000  -1.77387784E+013  +0.00000000E+000  -3.42254733E-003  +0.00000000E+000  +1.77387784E+013  +0.00000000E+000  +3.42254733E-003  +0.00000000E+000  +5.13382100E-003  +0.00000000E+000  -2.52169353E-003  +0.00000000E+000  -2.42868351E-003  +0.00000000E+000  -3.31570998E-003  +0.00000000E+000  -1.33130903E+011  +0.00000000E+000  +1.39465125E-005  +0.00000000E+000  -5.57860501E-005  +0.00000000E+000  +9.20469827E-006  +0.00000000E+000  -1.33130903E+011  +0.00000000E+000  -1.39465125E-005  +0.00000000E+000  +5.57860501E-005  +0.00000000E+000  +5.57860501E-005  +0.00000000E+000  +2.58697018E+011  +0.00000000E+000
+1.22500000E+001  +2.61535539E-020  +0.00000000E+000  -2.60739631E-020  +0.00000000E+000  -2.36619146E-020  +0.00000000E+000  +3.19927773E-022  +0.00000000E+000  +4.38630418E-023  +0.00000000E+000  -1.03553006E-006  +0.00000000E+000  -3.79126583E-003  +0.00000000E+000  -1.59343354E+013  +0.00000000E+000  -6.32703330E-003  +0.00000000E+000  +1.59343354E+013  +0.00000000E+000  -7.31970572E-004  +0.00000000E+000  -4.14950441E-003  +0.00000000E+000  -9.61975675E-006  +0.00000000E+000  +1.43849621E-004  +0.00000000E+000  +2.38730971E-003  +0.00000000E+000  -1.22622266E+011  +0.00000000E+000  +1.72833246E-005  +0.00000000E+000  +4.41412569E-005  +0.00000000E+000  -2.51623012E-005  +0.00000000E+000  -1.22622266E+011  +0.00000000E+000  -2.58092200E-005  +0.00000000E+000  +0.00000000E+000  +0.00000000E+000  -1.11572100E-004  +0.00000000E+000  +2.35452683E+011  +0.00000000E+000
+1.25000000E+001  -1.72623714E-021  +0.00000000E+000  +1.01310311E-020  +0.00000000E+000  +1.93638694E-020  +0.00000000E+000  +2.17945840E-022  +0.00000000E+000  -1.16007151E-022  +0.00000000E+000  -1.52946429E-006  +0.00000000E+000  +2.04168746E-003  +0.00000000E+000  +1.30302554E+012  +0.00000000E+000  +4.86643449E-003  +0.00000000E+000  -1.30302554E+012  +0.00000000E+000  -8.28898183E-004  +0.00000000E+000  -3.07494487E-003  +0.00000000E+000  +5.76856015E-003  +0.00000000E+000  +9.27152337E-004  +0.00000000E+000  -3.57861274E-003  +0.00000000E+000  +5.85896071E+009  +0.00000000E+000  -5.90547640E-005  +0.00000000E+000  +6.16697351E-005  +0.00000000E+000  -4.02822526E-006  +0.00000000E+000  +5.85896071E+009  +0.00000000E+000  -2.04839403E-005  +0.00000000E+000  +2.23144200E-004  +0.00000000E+000  -2.23144200E-004  +0.00000000E+000  -1.49640366E+010  +0.00000000E+000
+1.27500000E+001  -3.60988731E-021  +0.00000000E+000  +1.79539275E-020  +0.00000000E+000  -4.83366058E-021  +0.00000000E+000  -2.16187283E-022  +0.00000000E+000  +1.62407128E-022  +0.00000000E+000  -8.35968766E-007  +0.00000000E+000  -3.13516635E-003  +0.00000000E+000  +2.22364687E+013  +0.00000000E+000  -1.12093439E-002  +0.00000000E+000  -2.22364687E+013  +0.00000000E+000  +8.26892784E-003  +0.00000000E+000  -2.33461847E-003  +0.00000000E+000  -6.16934788E-003  +0.00000000E+000  +1.05616568E-002  +0.00000000E+000  -6.96621083E-003  +0.00000000E+000  +1.65574464E+011  +0.00000000E+000  +1.17578362E-004  +0.00000000E+000  +2.29150462E-005  +0.00000000E+000  +2.90016377E-005  +0.00000000E+000  +1.65574464E+011  +0.00000000E+000  +4.29972071E-005  +0.00000000E+000  +2.23144200E-004  +0.00000000E+000  -1.11572100E-004  +0.00000000E+000  -3.22640236E+011  +0.00000000E+000
+1.30000000E+001  +6.52008259E-020  +0.00000000E+000  -5.79562897E-020  +0.00000000E+000  +1.14070005E-020  +0.00000000E+000  +2.95207064E-022  +0.00000000E+000  +2.95207064E-023  +0.00000000E+000  +7.34395239E-007  +0.00000000E+000  +1.78159469E-002  +0.00000000E+000  +2.85555581E+013  +0.00000000E+000  -1.02676420E-002  +0.00000000E+000  -2.85555581E+013  +0.00000000E+000  -2.39578313E-002  +0.00000000E+000  +2.73803787E-002  +0.00000000E+000  +7.54015762E-004  +0.00000000E+000  -1.43533924E-002  +0.00000000E+000  +1.61609191E-003  +0.00000000E+000  +2.16825244E+011  +0.00000000E+000  -1.38734304E-018  +0.00000000E+000  -1.39465125E-004  +0.00000000E+000  -1.45986515E-005  +0.00000000E+000  +2.16825244E+011  +0.00000000E+000  -1.95251175E-004  +0.00000000E+000  +0.00000000E+000  +0.00000000E+000  +2.23144200E-004  +0.00000000E+000  -4.19078749E+011  +0.00000000E+000
+1.32500000E+001  +5.51051685E-020  +0.00000000E+000  -6.21657614E-020  +0.00000000E+000  -3.05496469E-020  +0.00000000E+000  +4.19920517E-022  +0.00000000E+000  +1.85542252E-022  +0.00000000E+000  +2.00541518E-006  +0.00000000E+000  -6.21057073E-003  +0.00000000E+000  +1.15846870E+013  +0.00000000E+000  +4.10438294E-003  +0.00000000E+000  -1.15846870E+013  +0.00000000E+000  +2.09497331E-002  +0.00000000E+000  +2.31957798E-003  +0.00000000E+000  -4.07996727E-003  +0.00000000E+000  +1.15971471E-002  +0.00000000E+000  -2.30729716E-003  +0.00000000E+000  +9.11622359E+010  +0.00000000E+000  -9.10336814E-005  +0.00000000E+000  -7.80133044E-005  +0.00000000E+000  -3.51384874E-005  +0.00000000E+000  +9.11622359E+010  +0.00000000E+000  +3.07722172E-004  +0.00000000E+000  -6.69432601E-004  +0.00000000E+000  +0.00000000E+000  +0.00000000E+000  -1.74188340E+011  +0.00000000E+000
+1.35000000E+001  -1.23100518E-020  +0.00000000E+000  -1.02725260E-020  +0.00000000E+000  +3.76216967E-021  +0.00000000E+000  -6.73441115E-023  +0.00000000E+000  -6.54990673E-023  +0.00000000E+000  +1.84771926E-006  +0.00000000E+000  +5.68921359E-003  +0.00000000E+000  -1.77706363E+013  +0.00000000E+000  -1.51875538E-002  +0.00000000E+000  +1.77706363E+013  +0.00000000E+000  -2.80755836E-003  +0.00000000E+000  -1.68453502E-002  +0.00000000E+000  +1.32249475E-003  +0.00000000E+000  -1.18368148E-002  +0.00000000E+000  +1.33298120E-002  +0.00000000E+000  -1.30808102E+011  +0.00000000E+000  +5.75293642E-005  +0.00000000E+000  +5.07740222E-005  +0.00000000E+000  -3.28970738E-005  +0.00000000E+000  -1.30808102E+011  +0.00000000E+000  -1.17455785E-004  +0.00000000E+000  +2.23144200E-004  +0.00000000E+000  +6.69432601E-004  +0.00000000E+000  +2.55523944E+011  +0.00000000E+000
+1.37500000E+001  -2.73350359E-020  +0.00000000E+000  +3.20459300E-020  +0.00000000E+000  -2.15754234E-020  +0.00000000E+000  +1.98846750E-022  +0.00000000E+000  -6.10060965E-022  +0.00000000E+000  +1.94170054E-007  +0.00000000E+000  +1.63581250E-002  +0.00000000E+000  -3.60927159E+013  +0.00000000E+000  +4.71602958E-002  +0.00000000E+000  +3.60927159E+013  +0.00000000E+000  +2.29643233E-002  +0.00000000E+000  -2.62356302E-002  +0.00000000E+000  +1.93798717E-003  +0.00000000E+000  -5.30758785E-003  +0.00000000E+000  -2.53431485E-002  +0.00000000E+000  -2.72144974E+011  +0.00000000E+000  +4.73214431E-005  +0.00000000E+000  +2.85263384E-005  +0.00000000E+000  +1.97027532E-004  +0.00000000E+000  -2.72144974E+011  +0.00000000E+000  +4.98494188E-004  +0.00000000E+000  -2.23144200E-004  +0.00000000E+000  -1.67358150E-004  +0.00000000E+000  +5.27390079E+011  +0.00000000E+000
+1.40000000E+001  -1.44890724E-019  +0.00000000E+000  +1.30401652E-019  +0.00000000E+000  +3.86266756E-020  +0.00000000E+000  -1.21034896E-021  +0.00000000E+000  -9.15141898E-022  +0.00000000E+000  -1.77402294E-006  +0.00000000E+000  +2.54184376E-002  +0.00000000E+000  -2.69134633E+013  +0.00000000E+000  -2.39578313E-002  +0.00000000E+000  +2.69134633E+013  +0.00000000E+000  -2.73803787E-002  +0.00000000E+000  +3.42254733E-002  +0.00000000E+000  +6.76437764E-004  +0.00000000E+000  -3.20435903E-003  +0.00000000E+000  +1.78134116E-002  +0.00000000E+000  -2.05797465E+011  +0.00000000E+000  +1.11572100E-004  +0.00000000E+000  -1.11572100E-004  +0.00000000E+000  -3.49545348E-005  +0.00000000E+000  -2.05797465E+011  +0.00000000E+000  -1.95251175E-004  +0.00000000E+000  +4.46288401E-004  +0.00000000E+000  +0.00000000E+000  +0.00000000E+000  +3.97601970E+011  +0.00000000E+000
+1.42500000E+001  +8.21094602E-020  +0.00000000E+000  -7.51850561E-020  +0.00000000E+000  +5.73271153E-020  +0.00000000E+000  +1.18617600E-021  +0.00000000E+000  -2.12554852E-022  +0.00000000E+000  -2.49795270E-006  +0.00000000E+000  +1.09654439E-002  +0.00000000E+000  +4.37148680E+012  +0.00000000E+000  -3.48997887E-002  +0.00000000E+000  -4.37148680E+012  +0.00000000E+000  +1.69974262E-002  +0.00000000E+000  +3.20170279E-002  +0.00000000E+000  +7.27656303E-003  +0.00000000E+000  +9.76734366E-003  +0.00000000E+000  -1.62119793E-002  +0.00000000E+000  +2.98493974E+010  +0.00000000E+000  -4.58028531E-005  +0.00000000E+000  -1.31933464E-004  +0.00000000E+000  +1.59965488E-004  +0.00000000E+000  +2.98493974E+010  +0.00000000E+000  +5.63172161E-006  +0.00000000E+000  +0.00000000E+000  +0.00000000E+000  +0.00000000E+000  +0.00000000E+000  -5.86092662E+010  +0.00000000E+000
+1.45000000E+001  +7.32660322E-020  +0.00000000E+000  +3.32017661E-020  +0.00000000E+000  -1.58341210E-020  +0.00000000E+000  +2.86039501E-022  +0.00000000E+000  -1.60403526E-022  +0.00000000E+000  -1.33396560E-006  +0.00000000E+000  -2.28836079E-002  +0.00000000E+000  +3.34523856E+013  +0.00000000E+000  +5.58002224E-002  +0.00000000E+000  -3.34523856E+013  +0.00000000E+000  +1.21192936E-002  +0.00000000E+000  -4.90687670E-002  +0.00000000E+000  -2.26762072E-002  +0.00000000E+000  +1.61623623E-002  +0.00000000E+000  +2.16205789E-002  +0.00000000E+000  +2.51200906E+011  +0.00000000E+000  -9.87696375E-005  +0.00000000E+000  +3.68329575E-004  +0.00000000E+000  -3.20262998E-005  +0.00000000E+000  +2.51200906E+011  +0.00000000E+000  +7.27969819E-004  +0.00000000E+000  +2.23144200E-004  +0.00000000E+000  +0.00000000E+000  +0.00000000E+000  -4.86866532E+011  +0.00000000E+000
+1.47500000E+001  -1.15601291E-019  +0.00000000E+000  +1.91247974E-019  +0.00000000E+000  -2.04857534E-020  +0.00000000E+000  -1.26780479E-021  +0.00000000E+000  -1.11832739E-021  +0.00000000E+000  +8.53648720E-007  +0.00000000E+000  +4.27830903E-002  +0.00000000E+000  +3.69140994E+013  +0.00000000E+000  -8.39994723E-002  +0.00000000E+000  -3.69140994E+013  +0.00000000E+000  -2.42653258E-002  +0.00000000E+000  +1.14942776E-002  +0.00000000E+000  +5.65479860E-002  +0.00000000E+000  -3.96999350E-002  +0.00000000E+000  -1.55359777E-002  +0.00000000E+000  +2.79891371E+011  +0.00000000E+000  +3.67240004E-004  +0.00000000E+000  -3.88976951E-005  +0.00000000E+000  +8.51550895E-005  +0.00000000E+000  +2.79891371E+011  +0.00000000E+000  -5.59794490E-004  +0.00000000E+000  +2.23144200E-004  +0.00000000E+000  -4.46288401E-004  +0.00000000E+000  -5.42131112E+011  +0.00000000E+000
+1.50000000E+001  +3.04270521E-019  +0.00000000E+000  -1.68435467E-019  +0.00000000E+000  -9.28837903E-020  +0.00000000E+000  +1.03322472E-021  +0.00000000E+000  +2.43545828E-021  +0.00000000E+000  +2.38645790E-006  +0.00000000E+000  +1.61824746E-002  +0.00000000E+000  +1.19455888E+013  +0.00000000E+000  -7.70073150E-003  +0.00000000E+000  -1.19455888E+013  +0.00000000E+000  -8.55636834E-003  +0.00000000E+000  +4.96269363E-002  +0.00000000E+000  -4.37617061E-002  +0.00000000E+000  +2.70179261E-002  +0.00000000E+000  +1.86987660E-002  +0.00000000E+000  +9.23619113E+010  +0.00000000E+000  -3.76564540E-018  +0.00000000E+000  -3.69582582E-004  +0.00000000E+000  +2.24079175E-004  +0.00000000E+000  +9.23619113E+010  +0.00000000E+000  -2.02224432E-004  +0.00000000E+000  +0.00000000E+000  +0.00000000E+000  +1.33886520E-003  +0.00000000E+000  -1.79640291E+011  +0.00000000E+000
+1.52500000E+001  -1.78120789E-019  +0.00000000E+000  -7.69802720E-020  +0.00000000E+000  +1.01550254E-019  +0.00000000E+000  +1.12213279E-021  +0.00000000E+000  -1.92282429E-021  +0.00000000E+000  +2.10475924E-006  +0.00000000E+000  +3.35568279E-002  +0.00000000E+000  -2.12749873E+013  +0.00000000E+000  +1.27737221E-001  +0.00000000E+000  +2.12749873E+013  +0.00000000E+000  +1.43720249E-003  +0.00000000E+000  -1.82758680E-002  +0.00000000E+000  +8.86439872E-003  +0.00000000E+000  -4.64241261E-002  +0.00000000E+000  -4.70185749E-002  +0.00000000E+000  -1.59364440E+011  +0.00000000E+000  +3.06768797E-004  +0.00000000E+000  +1.55045995E-004  +0.00000000E+000  +5.59554593E-004  +0.00000000E+000  -1.59364440E+011  +0.00000000E+000  +1.53477012E-003  +0.00000000E+000  +6.69432601E-004  +0.00000000E+000  -2.00829780E-003  +0.00000000E+000  +3.07579289E+011  +0.00000000E+000
+1.55000000E+001  -9.74616512E-020  +0.00000000E+000  +5.52112896E-020  +0.00000000E+000  -2.86276622E-020  +0.00000000E+000  +3.43639473E-023  +0.00000000E+000  -1.22972193E-021  +0.00000000E+000  +3.05110583E-007  +0.00000000E+000  +7.14055773E-003  +0.00000000E+000  -3.65757918E+013  +0.00000000E+000  -1.22743778E-001  +0.00000000E+000  +3.65757918E+013  +0.00000000E+000  -3.69260771E-002  +0.00000000E+000  -7.41462794E-002  +0.00000000E+000  +1.98755842E-002  +0.00000000E+000  +4.90589776E-002  +0.00000000E+000  +3.78515966E-002  +0.00000000E+000  -2.76415069E+011  +0.00000000E+000  +4.70476883E-004  +0.00000000E+000  +7.79588259E-004  +0.00000000E+000  +1.13847543E-004  +0.00000000E+000  -2.76415069E+011  +0.00000000E+000  -1.17749969E-003  +0.00000000E+000  -1.11572100E-004  +0.00000000E+000  +3.34716301E-004  +0.00000000E+000  +5.35305180E+011  +0.00000000E+000
+1.57500000E+001  +3.03994606E-019  +0.00000000E+000  +4.44456541E-019  +0.00000000E+000  +4.58300860E-020  +0.00000000E+000  -1.81863696E-021  +0.00000000E+000  +1.14479224E-021  +0.00000000E+000  -1.57162162E-006  +0.00000000E+000  +1.49099398E-003  +0.00000000E+000  -2.33663983E+013  +0.00000000E+000  +6.09774937E-002  +0.00000000E+000  +2.33663983E+013  +0.00000000E+000  +5.31029610E-002  +0.00000000E+000  +8.67301570E-002  +0.00000000E+000  -4.40564255E-002  +0.00000000E+000  -1.14287430E-001  +0.00000000E+000  -4.59771732E-002  +0.00000000E+000  -1.77442250E+011  +0.00000000E+000  -1.41862182E-004  +0.00000000E+000  -6.68942294E-004  +0.00000000E+000  +1.81354467E-004  +0.00000000E+000  -1.77442250E+011  +0.00000000E+000  +3.13660335E-004  +0.00000000E+000  -4.46288401E-004  +0.00000000E+000  +6.69432601E-004  +0.00000000E+000  +3.45240034E+011  +0.00000000E+000
+1.60000000E+001  -2.68953407E-019  +0.00000000E+000  -2.44503097E-019  +0.00000000E+000  -8.71498858E-020  +0.00000000E+000  +2.74542570E-021  +0.00000000E+000  -2.16977192E-021  +0.00000000E+000  -2.12049424E-006  +0.00000000E+000  +3.95176590E-002  +0.00000000E+000  +5.76664273E+012  +0.00000000E+000  +1.66849183E-002  +0.00000000E+000  -5.76664273E+012  +0.00000000E+000  -8.04298624E-002  +0.00000000E+000  +2.93055616E-002  +0.00000000E+000  +4.34992927E-002  +0.00000000E+000  +1.25534409E-001  +0.00000000E+000  +3.71562460E-002  +0.00000000E+000  +4.31149297E+010  +0.00000000E+000  +6.55486089E-004  +0.00000000E+000  +1.39465125E-005  +0.00000000E+000  +5.13280055E-004  +0.00000000E+000  +4.31149297E+010  +0.00000000E+000  +4.30598574E-004  +0.00000000E+000  +1.78515360E-003  +0.00000000E+000  -1.11572100E-003  +0.00000000E+000  -8.08168485E+010  +0.00000000E+000
+1.62500000E+001  -4.16879196E-020  +0.00000000E+000  -1.42548984E-019  +0.00000000E+000  +6.88884432E-020  +0.00000000E+000  -1.18206789E-021  +0.00000000E+000  -7.25650098E-022  +0.00000000E+000  -1.09722298E-006  +0.00000000E+000  -2.28715143E-002  +0.00000000E+000  +2.69242992E+013  +0.00000000E+000  -2.45026314E-002  +0.00000000E+000  -2.69242992E+013  +0.00000000E+000  +5.30060334E-002  +0.00000000E+000  -5.39585978E-002  +0.00000000E+000  -6.59091422E-002  +0.00000000E+000  -7.64888195E-002  +0.00000000E+000  -2.37535099E-002  +0.00000000E+000  +2.03598219E+011  +0.00000000E+000  +1.81876688E-004  +0.00000000E+000  +6.06210227E-004  +0.00000000E+000  +6.87658917E-006  +0.00000000E+000  +2.03598219E+011  +0.00000000E+000  -1.23965974E-004  +0.00000000E+000  -1.33886520E-003  +0.00000000E+000  +1.33886520E-003  +0.00000000E+000  -3.92953394E+011  +0.00000000E+000
+1.65000000E+001  +6.39556712E-021  +0.00000000E+000  +1.61728611E-019  +0.00000000E+000  -7.17918839E-020  +0.00000000E+000  +1.62098660E-021  +0.00000000E+000  -9.66918450E-022  +0.00000000E+000  +5.33779785E-007  +0.00000000E+000  -1.65885415E-003  +0.00000000E+000  +2.52129896E+013  +0.00000000E+000  +1.63105771E-002  +0.00000000E+000  -2.52129896E+013  +0.00000000E+000  -4.75947989E-003  +0.00000000E+000  +1.27275979E-002  +0.00000000E+000  +3.21683455E-002  +0.00000000E+000  +7.04609098E-003  +0.00000000E+000  +1.41201659E-002  +0.00000000E+000  +1.90742985E+011  +0.00000000E+000  +1.57116180E-004  +0.00000000E+000  -9.34852168E-005  +0.00000000E+000  +3.92301901E-004  +0.00000000E+000  +1.90742985E+011  +0.00000000E+000  +9.93689017E-005  +0.00000000E+000  +0.00000000E+000  +0.00000000E+000  +1.11572100E-004  +0.00000000E+000  -3.70648315E+011  +0.00000000E+000
+1.67500000E+001  +4.43250298E-020  +0.00000000E+000  -1.41432944E-019  +0.00000000E+000  +4.19301151E-020  +0.00000000E+000  +3.31351191E-023  +0.00000000E+000  -1.19317780E-021  +0.00000000E+000  +1.48848574E-006  +0.00000000E+000  +8.79692461E-002  +0.00000000E+000  +5.62325992E+012  +0.00000000E+000  -2.23192534E-002  +0.00000000E+000  -5.62325992E+012  +0.00000000E+000  -5.87205845E-002  +0.00000000E+000  +5.30820714E-002  +0.00000000E+000  +8.76524535E-003  +0.00000000E+000  -1.53347067E-002  +0.00000000E+000  -2.51329950E-002  +0.00000000E+000  +4.20857642E+010  +0.00000000E+000  +7.93888882E-004  +0.00000000E+000  -2.77936017E-004  +0.00000000E+000  +5.87761717E-004  +0.00000000E+000  +4.20857642E+010  +0.00000000E+000  -4.71648173E-005  +0.00000000E+000  +1.33886520E-003  +0.00000000E+000  -4.46288401E-004  +0.00000000E+000  -8.48399359E+010  +0.00000000E+000
+1.70000000E+001  -2.97025985E-019  +0.00000000E+000  -1.28590518E-019  +0.00000000E+000  +1.28849231E-019  +0.00000000E+000  +1.07750578E-021  +0.00000000E+000  +4.28050243E-022  +0.00000000E+000  +1.21580330E-006  +0.00000000E+000  -1.33730287E-002  +0.00000000E+000  -1.39755705E+013  +0.00000000E+000  +2.56691050E-002  +0.00000000E+000  +1.39755705E+013  +0.00000000E+000  +3.25141997E-002  +0.00000000E+000  -1.69416093E-001  +0.00000000E+000  +2.18469002E-002  +0.00000000E+000  +1.19353151E-002  +0.00000000E+000  -2.80380972E-002  +0.00000000E+000  -1.06351322E+011  +0.00000000E+000  +2.09197688E-004  +0.00000000E+000  +1.12966751E-003  +0.00000000E+000  +8.82353171E-004  +0.00000000E+000  -1.06351322E+011  +0.00000000E+000  +1.95251175E-004  +0.00000000E+000  -1.78515360E-003  +0.00000000E+000  +2.23144200E-004  +0.00000000E+000  +2.03164088E+011  +0.00000000E+000
+1.72500000E+001  -1.73795469E-019  +0.00000000E+000  +3.58002305E-019  +0.00000000E+000  +3.25494215E-020  +0.00000000E+000  -1.70274692E-021  +0.00000000E+000  -2.82295899E-021  +0.00000000E+000  +1.82485684E-007  +0.00000000E+000  -1.93973520E-002  +0.00000000E+000  -1.89668008E+013  +0.00000000E+000  -2.17573239E-002  +0.00000000E+000  +1.89668008E+013  +0.00000000E+000  +9.09531927E-004  +0.00000000E+000  +9.91556917E-002  +0.00000000E+000  -8.94956421E-002  +0.00000000E+000  -6.10753898E-002  +0.00000000E+000  +2.67967009E-002  +0.00000000E+000  -1.43428402E+011  +0.00000000E+000  +5.62572897E-004  +0.00000000E+000  -5.19185828E-004  +0.00000000E+000  -4.72090285E-004  +0.00000000E+000  -1.43428402E+011  +0.00000000E+000  +3.12526500E-004  +0.00000000E+000  +1.33886520E-003  +0.00000000E+000  +3.34716301E-004  +0.00000000E+000  +2.77829466E+011  +0.00000000E+000
+1.75000000E+001  +4.18386116E-019  +0.00000000E+000  -5.90458000E-020  +0.00000000E+000  -1.62149631E-019  +0.00000000E+000  +1.74056852E-021  +0.00000000E+000  +3.42324879E-021  +0.00000000E+000  -6.85238170E-007  +0.00000000E+000  +5.46182507E-002  +0.00000000E+000  -9.08420782E+012  +0.00000000E+000  +6.28358300E-003  +0.00000000E+000  +9.08420782E+012  +0.00000000E+000  -3.12040058E-002  +0.00000000E+000  +4.32363987E-002  +0.00000000E+000  +3.19023206E-002  +0.00000000E+000  -6.01511653E-003  +0.00000000E+000  -5.96776553E-003  +0.00000000E+000  -6.76749952E+010  +0.00000000E+000  +5.49906631E-004  +0.00000000E+000  +7.72233652E-005  +0.00000000E+000  +1.14404933E-003  +0.00000000E+000  -6.76749952E+010  +0.00000000E+000  -5.05016293E-005  +0.00000000E+000  +1.11572100E-004  +0.00000000E+000  +0.00000000E+000  +0.00000000E+000  +1.33814081E+011  +0.00000000E+000
+1.77500000E+001  +1.63658247E-019  +0.00000000E+000  +1.23418881E-019  +0.00000000E+000  +1.51965917E-019  +0.00000000E+000  -1.35855790E-022  +0.00000000E+000  -1.98633417E-021  +0.00000000E+000  -8.19021458E-007  +0.00000000E+000  +3.16728981E-002  +0.00000000E+000  +4.25984979E+012  +0.00000000E+000  -1.48917575E-002  +0.00000000E+000  -4.25984979E+012  +0.00000000E+000  -2.16332399E-002  +0.00000000E+000  -1.07606359E-001  +0.00000000E+000  +3.37406468E-003  +0.00000000E+000  +8.42201758E-002  +0.00000000E+000  -3.99822688E-002  +0.00000000E+000  +3.35276913E+010  +0.00000000E+000  +7.45266763E-005  +0.00000000E+000  +8.63798500E-004  +0.00000000E+000  +3.21379327E-004  +0.00000000E+000  +3.35276913E+010  +0.00000000E+000  -2.58119439E-004  +0.00000000E+000  +5.57860501E-004  +0.00000000E+000  -2.23144200E-004  +0.00000000E+000  -6.16463828E+010  +0.00000000E+000
+1.80000000E+001  -1.78396704E-019  +0.00000000E+000  -3.70376914E-019  +0.00000000E+000  +2.05646945E-019  +0.00000000E+000  -1.57197762E-021  +0.00000000E+000  +5.97794305E-022  +0.00000000E+000  -3.58758238E-007  +0.00000000E+000  -5.86859229E-002  +0.00000000E+000  +1.00729749E+013  +0.00000000E+000  +1.05243331E-001  +0.00000000E+000  -1.00729749E+013  +0.00000000E+000  +7.18734940E-002  +0.00000000E+000  +1.65137909E-001  +0.00000000E+000  -8.92194883E-003  +0.00000000E+000  -9.33985762E-002  +0.00000000E+000  +1.34528520E-002  +0.00000000E+000  +7.62775704E+010  +0.00000000E+000  +3.41689557E-004  +0.00000000E+000  -1.16453380E-003  +0.00000000E+000  -3.69261812E-005  +0.00000000E+000  +7.62775704E+010  +0.00000000E+000  +1.20637333E-003  +0.00000000E+000  +3.90502351E-004  +0.00000000E+000  -6.69432601E-004  +0.00000000E+000  -1.46715001E+011  +0.00000000E+000
+1.82500000E+001  -1.49831990E-019  +0.00000000E+000  +2.97405368E-019  +0.00000000E+000  -1.24932961E-019  +0.00000000E+000  +1.73416132E-021  +0.00000000E+000  -1.56614699E-021  +0.00000000E+000  +1.55792176E-007  +0.00000000E+000  +5.78137375E-002  +0.00000000E+000  +6.47789396E+012  +0.00000000E+000  -6.83531835E-002  +0.00000000E+000  -6.47789396E+012  +0.00000000E+000  -1.02247766E-001  +0.00000000E+000  -2.21135747E-001  +0.00000000E+000  +2.32784197E-002  +0.00000000E+000  +6.25384265E-003  +0.00000000E+000  +3.86549992E-002  +0.00000000E+000  +4.74939010E+010  +0.00000000E+000  +9.74730477E-004  +0.00000000E+000  +1.71797472E-003  +0.00000000E+000  +9.36101929E-004  +0.00000000E+000  +4.74939010E+010  +0.00000000E+000  -7.57235023E-004  +0.00000000E+000  -1.08782798E-003  +0.00000000E+000  +8.36790751E-004  +0.00000000E+000  -9.35615161E+010  +0.00000000E+000
+1.85000000E+001  +2.00823638E-019  +0.00000000E+000  -1.70218302E-020  +0.00000000E+000  +9.26213054E-020  +0.00000000E+000  -1.23739039E-021  +0.00000000E+000  +6.18608709E-022  +0.00000000E+000  +3.33712341E-007  +0.00000000E+000  +2.68593721E-002  +0.00000000E+000  -3.19194581E+011  +0.00000000E+000  -8.65195901E-002  +0.00000000E+000  +3.19194581E+011  +0.00000000E+000  +2.96130560E-002  +0.00000000E+000  +1.66775651E-001  +0.00000000E+000  -2.82320920E-002  +0.00000000E+000  -3.02315217E-003  +0.00000000E+000  -6.46927070E-002  +0.00000000E+000  -4.34201338E+009  +0.00000000E+000  +2.04294617E-004  +0.00000000E+000  -8.87483056E-004  +0.00000000E+000  +1.13972528E-004  +0.00000000E+000  -4.34201338E+009  +0.00000000E+000  -4.71212344E-004  +0.00000000E+000  +1.05993495E-003  +0.00000000E+000  +3.34716301E-004  +0.00000000E+000  +5.79332931E+009  +0.00000000E+000
+1.87500000E+001  +4.28236810E-019  +0.00000000E+000  -8.80142171E-020  +0.00000000E+000  -3.15326486E-019  +0.00000000E+000  -3.89622333E-022  +0.00000000E+000  -1.48196955E-021  +0.00000000E+000  +1.92256732E-007  +0.00000000E+000  +1.02344472E-001  +0.00000000E+000  -3.72254573E+012  +0.00000000E+000  +2.42133944E-001  +0.00000000E+000  +3.72254573E+012  +0.00000000E+000  -5.02299138E-002  +0.00000000E+000  -1.21639450E-002  +0.00000000E+000  -6.25337505E-002  +0.00000000E+000  -1.42280688E-002  +0.00000000E+000  -4.25737695E-002  +0.00000000E+000  -2.84511067E+010  +0.00000000E+000  +2.79855109E-004  +0.00000000E+000  -5.22775773E-004  +0.00000000E+000  +9.60225897E-004  +0.00000000E+000  -2.84511067E+010  +0.00000000E+000  +3.70989012E-003  +0.00000000E+000  +1.08782798E-003  +0.00000000E+000  -1.61779545E-003  +0.00000000E+000  +5.39561582E+010  +0.00000000E+000
+1.90000000E+001  -6.39330321E-019  +0.00000000E+000  +8.15010324E-021  +0.00000000E+000  +2.24139867E-019  +0.00000000E+000  +2.50372491E-021  +0.00000000E+000  -3.63473698E-022  +0.00000000E+000  -7.31618159E-009  +0.00000000E+000  -1.51985285E-001  +0.00000000E+000  -2.59147825E+012  +0.00000000E+000  -1.39468804E-001  +0.00000000E+000  +2.59147825E+012  +0.00000000E+000  +1.79683735E-002  +0.00000000E+000  -1.03318148E-001  +0.00000000E+000  +1.25681250E-001  +0.00000000E+000  -1.00202096E-002  +0.00000000E+000  +1.24496844E-001  +0.00000000E+000  -1.76253550E+010  +0.00000000E+000  +1.21857653E-003  +0.00000000E+000  +1.14884397E-003  +0.00000000E+000  -3.35162164E-004  +0.00000000E+000  -1.76253550E+010  +0.00000000E+000  -3.88584705E-003  +0.00000000E+000  -1.52016987E-003  +0.00000000E+000  +3.17283160E-004  +0.00000000E+000  +3.49916086E+010  +0.00000000E+000
+1.92500000E+001  +1.50155438E-019  +0.00000000E+000  -2.74595072E-020  +0.00000000E+000  -2.26903383E-019  +0.00000000E+000  -1.21673094E-021  +0.00000000E+000  -2.14437373E-021  +0.00000000E+000  -8.65061319E-008  +0.00000000E+000  +1.27691815E-001  +0.00000000E+000  -1.65299865E+011  +0.00000000E+000  +4.52361574E-002  +0.00000000E+000  +1.65299865E+011  +0.00000000E+000  +1.30421948E-002  +0.00000000E+000  +1.01877916E-001  +0.00000000E+000  -8.47384563E-002  +0.00000000E+000  -1.23804799E-002  +0.00000000E+000  -1.36336386E-001  +0.00000000E+000  +1.45887182E+009  +0.00000000E+000  -7.27921299E-004  +0.00000000E+000  -1.05830634E-003  +0.00000000E+000  +1.21794383E-003  +0.00000000E+000  +1.45887182E+009  +0.00000000E+000  +2.84457080E-003  +0.00000000E+000  +1.12966751E-003  +0.00000000E+000  +6.83379114E-004  +0.00000000E+000  -1.22595798E+009  +0.00000000E+000
+1.95000000E+001  +1.26283267E-019  +0.00000000E+000  +3.81798201E-019  +0.00000000E+000  +1.31861295E-019  +0.00000000E+000  -2.84950673E-021  +0.00000000E+000  -4.12802502E-022  +0.00000000E+000  -6.01653510E-008  +0.00000000E+000  -3.37572481E-002  +0.00000000E+000  +7.84564211E+011  +0.00000000E+000  -9.91586163E-002  +0.00000000E+000  -7.84564211E+011  +0.00000000E+000  +2.83772290E-002  +0.00000000E+000  -7.34991204E-002  +0.00000000E+000  +5.54692065E-003  +0.00000000E+000  +4.56631779E-003  +0.00000000E+000  +8.38834489E-003  +0.00000000E+000  +6.78201391E+009  +0.00000000E+000  -3.40205867E-004  +0.00000000E+000  +1.13905570E-003  +0.00000000E+000  +1.76318768E-004  +0.00000000E+000  +6.78201391E+009  +0.00000000E+000  -4.25738916E-004  +0.00000000E+000  -1.08782798E-003  +0.00000000E+000  +1.61082220E-003  +0.00000000E+000  -1.26021142E+010  +0.00000000E+000
+1.97500000E+001  +2.59299921E-019  +0.00000000E+000  -1.53548440E-019  +0.00000000E+000  +6.15477140E-020  +0.00000000E+000  +1.79073427E-021  +0.00000000E+000  +2.70061761E-021  +0.00000000E+000  -1.89621006E-008  +0.00000000E+000  +2.65833858E-002  +0.00000000E+000  +5.65150516E+011  +0.00000000E+000  +1.05022110E-001  +0.00000000E+000  -5.65150516E+011  +0.00000000E+000  -5.63569295E-002  +0.00000000E+000  +1.61964992E-001  +0.00000000E+000  +6.28976328E-002  +0.00000000E+000  -5.47777101E-002  +0.00000000E+000  +1.84891591E-002  +0.00000000E+000  +2.18380446E+009  +0.00000000E+000  +1.70917346E-003  +0.00000000E+000  -2.25582542E-003  +0.00000000E+000  +3.64244598E-004  +0.00000000E+000  +2.18380446E+009  +0.00000000E+000  -3.51625936E-004  +0.00000000E+000  +2.08849025E-003  +0.00000000E+000  -2.68470366E-003  +0.00000000E+000  -4.99923262E+009  +0.00000000E+000
+2.00000000E+001  -3.69754336E-019  +0.00000000E+000  -2.23731653E-019  +0.00000000E+000  +1.73929403E-019  +0.00000000E+000  +1.37721014E-021  +0.00000000E+000  -1.97575400E-021  +0.00000000E+000  +1.16724036E-008  +0.00000000E+000  +6.97779333E-002  +0.00000000E+000  +5.39658178E+011  +0.00000000E+000  -1.78614189E-002  +0.00000000E+000  -5.39658178E+011  +0.00000000E+000  -4.96269363E-002  +0.00000000E+000  -1.43907420E-001  +0.00000000E+000  -1.38061311E-001  +0.00000000E+000  +6.74467732E-002  +0.00000000E+000  -1.04317731E-002  +0.00000000E+000  +6.35336057E+008  +0.00000000E+000  -2.43028876E-004  +0.00000000E+000  +2.85369617E-003  +0.00000000E+000  +8.49898642E-004  +0.00000000E+000  +6.35336057E+008  +0.00000000E+000  +1.46852419E-003  +0.00000000E+000  -1.24646956E-003  +0.00000000E+000  +1.95774170E-003  +0.00000000E+000  -2.01245237E+009  +0.00000000E+000
+2.02500000E+001  -8.71462346E-020  +0.00000000E+000  +2.13376663E-019  +0.00000000E+000  -2.91124517E-019  +0.00000000E+000  -2.19143002E-021  +0.00000000E+000  -2.07525800E-021  +0.00000000E+000  +4.86490359E-008  +0.00000000E+000  -1.95883733E-002  +0.00000000E+000  +6.34486349E+011  +0.00000000E+000  -6.75318056E-002  +0.00000000E+000  -6.34486349E+011  +0.00000000E+000  +2.37781810E-002  +0.00000000E+000  +1.17441169E-003  +0.00000000E+000  +8.57497855E-002  +0.00000000E+000  -6.93008986E-002  +0.00000000E+000  -1.15825490E-002  +0.00000000E+000  +2.74043519E+009  +0.00000000E+000  +7.41915054E-004  +0.00000000E+000  -1.43188586E-003  +0.00000000E+000  -3.33978777E-004  +0.00000000E+000  +2.74043519E+009  +0.00000000E+000  -1.53286529E-003  +0.00000000E+000  +3.48662813E-004  +0.00000000E+000  -7.25218651E-004  +0.00000000E+000  -5.30137966E+009  +0.00000000E+000
+2.05000000E+001  -1.89550036E-020  +0.00000000E+000  -2.15608080E-019  +0.00000000E+000  -7.80119820E-020  +0.00000000E+000  +2.54857534E-021  +0.00000000E+000  -3.32852451E-021  +0.00000000E+000  +7.16154009E-008  +0.00000000E+000  -6.21375818E-002  +0.00000000E+000  -4.30532471E+010  +0.00000000E+000  +2.24388253E-001  +0.00000000E+000  +4.30532471E+010  +0.00000000E+000  +1.38527938E-001  +0.00000000E+000  -8.53130085E-003  +0.00000000E+000  +1.00138348E-002  +0.00000000E+000  +3.54919729E-002  +0.00000000E+000  -8.03379633E-002  +0.00000000E+000  +6.12580400E+008  +0.00000000E+000  -7.56669808E-004  +0.00000000E+000  +1.20765698E-003  +0.00000000E+000  +1.19128535E-003  +0.00000000E+000  +6.12580400E+008  +0.00000000E+000  +1.87660609E-003  +0.00000000E+000  -5.57860501E-005  +0.00000000E+000  -6.27593064E-004  +0.00000000E+000  -7.98002578E+008  +0.00000000E+000
+2.07500000E+001  -1.86281394E-019  +0.00000000E+000  +2.21358077E-019  +0.00000000E+000  +5.83771288E-020  +0.00000000E+000  -2.16472192E-021  +0.00000000E+000  -6.81589759E-022  +0.00000000E+000  +3.76731261E-008  +0.00000000E+000  +1.01758094E-001  +0.00000000E+000  -1.07773626E+012  +0.00000000E+000  -3.80961072E-001  +0.00000000E+000  +1.07773626E+012  +0.00000000E+000  -2.30593604E-001  +0.00000000E+000  +5.72333514E-002  +0.00000000E+000  -3.26996680E-003  +0.00000000E+000  -4.69686277E-002  +0.00000000E+000  +1.30862944E-001  +0.00000000E+000  -4.90591217E+009  +0.00000000E+000  +2.46621312E-003  +0.00000000E+000  -1.24728163E-003  +0.00000000E+000  -6.77024796E-004  +0.00000000E+000  -4.90591217E+009  +0.00000000E+000  -2.13039682E-003  +0.00000000E+000  -4.88127938E-005  +0.00000000E+000  +1.56200940E-003  +0.00000000E+000  +9.54100407E+009  +0.00000000E+000
+2.10000000E+001  +4.10901038E-019  +0.00000000E+000  -1.08328456E-019  +0.00000000E+000  -1.09851885E-019  +0.00000000E+000  +2.68730680E-021  +0.00000000E+000  +4.52958339E-021  +0.00000000E+000  -3.44677413E-008  +0.00000000E+000  -3.20517177E-002  +0.00000000E+000  -1.16189944E+012  +0.00000000E+000  +2.51557229E-001  +0.00000000E+000  +1.16189944E+012  +0.00000000E+000  +1.86207966E-001  +0.00000000E+000  -8.04298624E-002  +0.00000000E+000  +1.33194972E-003  +0.00000000E+000  +9.12542229E-003  +0.00000000E+000  -1.53632348E-001  +0.00000000E+000  -5.27258303E+009  +0.00000000E+000  -2.05449563E-003  +0.00000000E+000  +1.02724781E-003  +0.00000000E+000  +1.56026785E-003  +0.00000000E+000  -5.27258303E+009  +0.00000000E+000  +1.58380083E-003  +0.00000000E+000  +7.25218651E-004  +0.00000000E+000  -1.64568848E-003  +0.00000000E+000  +1.05018502E+010  +0.00000000E+000
+2.12500000E+001  -3.03619645E-019  +0.00000000E+000  -4.57875117E-020  +0.00000000E+000  +1.48176303E-019  +0.00000000E+000  -1.12770306E-021  +0.00000000E+000  -5.56248018E-021  +0.00000000E+000  -7.89477726E-008  +0.00000000E+000  +3.54841818E-002  +0.00000000E+000  -2.39135876E+011  +0.00000000E+000  -2.93765861E-002  +0.00000000E+000  +2.39135876E+011  +0.00000000E+000  -1.40240465E-001  +0.00000000E+000  +1.37177636E-002  +0.00000000E+000  +1.61085267E-002  +0.00000000E+000  +2.79493228E-002  +0.00000000E+000  +1.01752856E-001  +0.00000000E+000  -6.33671499E+008  +0.00000000E+000  +2.31058489E-003  +0.00000000E+000  +2.15598919E-005  +0.00000000E+000  +2.43149865E-004  +0.00000000E+000  -6.33671499E+008  +0.00000000E+000  -2.66967524E-004  +0.00000000E+000  -5.16020963E-004  +0.00000000E+000  +1.25518613E-003  +0.00000000E+000  +1.58662360E+009  +0.00000000E+000
+2.15000000E+001  +4.82443486E-019  +0.00000000E+000  +2.36761560E-019  +0.00000000E+000  -2.92415181E-020  +0.00000000E+000  +7.44024864E-022  +0.00000000E+000  +2.63662575E-021  +0.00000000E+000  -6.35190219E-008  +0.00000000E+000  +5.88930682E-002  +0.00000000E+000  +7.10814282E+011  +0.00000000E+000  -5.42652567E-002  +0.00000000E+000  -7.10814282E+011  +0.00000000E+000  +2.28439994E-002  +0.00000000E+000  +1.25654948E-002  +0.00000000E+000  -5.81059424E-003  +0.00000000E+000  -1.72596768E-002  +0.00000000E+000  -1.01680053E-001  +0.00000000E+000  +3.06170396E+009  +0.00000000E+000  -2.95750507E-005  +0.00000000E+000  -9.65768753E-005  +0.00000000E+000  +2.37579869E-004  +0.00000000E+000  +3.06170396E+009  +0.00000000E+000  +1.36009141E-005  +0.00000000E+000  -7.67058189E-004  +0.00000000E+000  -1.53411638E-004  +0.00000000E+000  -6.18509314E+009  +0.00000000E+000
+2.17500000E+001  -8.28694230E-019  +0.00000000E+000  +1.57421793E-019  +0.00000000E+000  +1.75763964E-020  +0.00000000E+000  -3.50314582E-022  +0.00000000E+000  -1.38985901E-021  +0.00000000E+000  -6.13027999E-009  +0.00000000E+000  -9.05009784E-002  +0.00000000E+000  +1.13733832E+012  +0.00000000E+000  +1.50945952E-001  +0.00000000E+000  -1.13733832E+012  +0.00000000E+000  +3.27248579E-002  +0.00000000E+000  -5.23136224E-003  +0.00000000E+000  +5.86992469E-003  +0.00000000E+000  -8.03860810E-002  +0.00000000E+000  +1.02739880E-001  +0.00000000E+000  +4.53149320E+009  +0.00000000E+000  +7.00751126E-004  +0.00000000E+000  +1.27477287E-004  +0.00000000E+000  +9.44411293E-004  +0.00000000E+000  +4.53149320E+009  +0.00000000E+000  +1.18491059E-003  +0.00000000E+000  +2.15822281E-003  +0.00000000E+000  -8.45507322E-004  +0.00000000E+000  -9.42612573E+009  +0.00000000E+000
+2.20000000E+001  +5.37906814E-019  +0.00000000E+000  -3.74451965E-019  +0.00000000E+000  -1.91550306E-020  +0.00000000E+000  +6.46687975E-022  +0.00000000E+000  -3.40272267E-021  +0.00000000E+000  +5.60910937E-008  +0.00000000E+000  +1.32830805E-001  +0.00000000E+000  +8.27691132E+011  +0.00000000E+000  -1.97545154E-001  +0.00000000E+000  -8.27691132E+011  +0.00000000E+000  -1.08986742E-001  +0.00000000E+000  -8.59915018E-002  +0.00000000E+000  -3.78174305E-002  +0.00000000E+000  +1.05261808E-001  +0.00000000E+000  -8.20417306E-002  +0.00000000E+000  +3.72285889E+009  +0.00000000E+000  +1.94379518E-004  +0.00000000E+000  +4.71566455E-004  +0.00000000E+000  -7.34220294E-004  +0.00000000E+000  +3.72285889E+009  +0.00000000E+000  -2.73395228E-003  +0.00000000E+000  -1.21334659E-003  +0.00000000E+000  +1.91764547E-003  +0.00000000E+000  -7.24970199E+009  +0.00000000E+000
+2.22500000E+001  +6.95258702E-020  +0.00000000E+000  +2.43914429E-019  +0.00000000E+000  -7.73428402E-020  +0.00000000E+000  -5.77327423E-022  +0.00000000E+000  +2.41593441E-021  +0.00000000E+000  +7.75271058E-008  +0.00000000E+000  -3.67289472E-002  +0.00000000E+000  -1.71326689E+011  +0.00000000E+000  +1.60611139E-001  +0.00000000E+000  +1.71326689E+011  +0.00000000E+000  +3.17099251E-002  +0.00000000E+000  +1.36273352E-001  +0.00000000E+000  +5.37320858E-002  +0.00000000E+000  -7.44605782E-002  +0.00000000E+000  +4.56824819E-002  +0.00000000E+000  -7.55974501E+008  +0.00000000E+000  +4.68737294E-004  +0.00000000E+000  -3.65180033E-004  +0.00000000E+000  +1.61825565E-003  +0.00000000E+000  -7.55974501E+008  +0.00000000E+000  +2.90304885E-003  +0.00000000E+000  +2.64983738E-004  +0.00000000E+000  -1.52016987E-003  +0.00000000E+000  +1.47452171E+009  +0.00000000E+000
+2.25000000E+001  +5.19218218E-019  +0.00000000E+000  -1.02856916E-019  +0.00000000E+000  -3.12546097E-020  +0.00000000E+000  +1.76930995E-021  +0.00000000E+000  +5.65300086E-021  +0.00000000E+000  +4.03756658E-008  +0.00000000E+000  +6.23214952E-002  +0.00000000E+000  -9.65828807E+011  +0.00000000E+000  +2.00961852E-002  +0.00000000E+000  +9.65828807E+011  +0.00000000E+000  +1.06241225E-002  +0.00000000E+000  +9.00622525E-003  +0.00000000E+000  -8.29253598E-002  +0.00000000E+000  +1.04412607E-002  +0.00000000E+000  -8.35238537E-002  +0.00000000E+000  -4.22792505E+009  +0.00000000E+000  +7.57916430E-004  +0.00000000E+000  -1.44462001E-003  +0.00000000E+000  +7.07380684E-004  +0.00000000E+000  -4.22792505E+009  +0.00000000E+000  +2.47296080E-004  +0.00000000E+000  +1.56200940E-003  +0.00000000E+000  -5.92726782E-004  +0.00000000E+000  +8.43906164E+009  +0.00000000E+000
+2.27500000E+001  -8.73650210E-019  +0.00000000E+000  -1.26927401E-019  +0.00000000E+000  +1.50866672E-019  +0.00000000E+000  -3.25856058E-021  +0.00000000E+000  -1.08204213E-020  +0.00000000E+000  -1.97221865E-008  +0.00000000E+000  -6.31531266E-002  +0.00000000E+000  -9.35265877E+011  +0.00000000E+000  +1.28284423E-002  +0.00000000E+000  +9.35265877E+011  +0.00000000E+000  -1.05640650E-001  +0.00000000E+000  -1.28692657E-001  +0.00000000E+000  +1.12960954E-001  +0.00000000E+000  +7.04292995E-002  +0.00000000E+000  +1.63100586E-001  +0.00000000E+000  -3.79572961E+009  +0.00000000E+000  -1.64031553E-006  +0.00000000E+000  +3.04795417E-003  +0.00000000E+000  -2.40843543E-005  +0.00000000E+000  -3.79572961E+009  +0.00000000E+000  -6.74892800E-004  +0.00000000E+000  -2.64286412E-003  +0.00000000E+000  +6.31079692E-004  +0.00000000E+000  +7.83699032E+009  +0.00000000E+000
+2.30000000E+001  +4.52500523E-019  +0.00000000E+000  +2.97761758E-019  +0.00000000E+000  +6.21197997E-020  +0.00000000E+000  +2.42715558E-021  +0.00000000E+000  +7.09949926E-021  +0.00000000E+000  -5.87733856E-008  +0.00000000E+000  +8.80214018E-002  +0.00000000E+000  -3.13039532E+011  +0.00000000E+000  -1.16286393E-001  +0.00000000E+000  +3.13039532E+011  +0.00000000E+000  +1.12302334E-001  +0.00000000E+000  +1.56046768E-001  +0.00000000E+000  -1.27005720E-001  +0.00000000E+000  -2.24859722E-001  +0.00000000E+000  -1.78173412E-001  +0.00000000E+000  -1.36479670E+009  +0.00000000E+000  +3.45829928E-004  +0.00000000E+000  -2.57498383E-003  +0.00000000E+000  +5.33094635E-004  +0.00000000E+000  -1.36479670E+009  +0.00000000E+000  +2.89281178E-004  +0.00000000E+000  +3.38900254E-003  +0.00000000E+000  -4.25368632E-004  +0.00000000E+000  +2.67223144E+009  +0.00000000E+000
+2.32500000E+001  -3.57763090E-020  +0.00000000E+000  -1.74793449E-019  +0.00000000E+000  -1.71897727E-019  +0.00000000E+000  +1.91138646E-021  +0.00000000E+000  -4.00871787E-021  +0.00000000E+000  -5.38529245E-008  +0.00000000E+000  -2.52672505E-002  +0.00000000E+000  +4.64812527E+011  +0.00000000E+000  +1.20836873E-001  +0.00000000E+000  -4.64812527E+011  +0.00000000E+000  -1.00183250E-001  +0.00000000E+000  -6.81719665E-002  +0.00000000E+000  +8.75477939E-002  +0.00000000E+000  +1.91021476E-001  +0.00000000E+000  +9.49523731E-002  +0.00000000E+000  +1.93643953E+009  +0.00000000E+000  +1.29457413E-003  +0.00000000E+000  +1.49278460E-003  +0.00000000E+000  +6.02026708E-004  +0.00000000E+000  +1.93643953E+009  +0.00000000E+000  +5.12249174E-004  +0.00000000E+000  -2.73351645E-003  +0.00000000E+000  +8.43764008E-004  +0.00000000E+000  -3.97682351E+009  +0.00000000E+000
+2.35000000E+001  -1.20107017E-020  +0.00000000E+000  +1.98645833E-019  +0.00000000E+000  +3.03978363E-019  +0.00000000E+000  -3.72493063E-022  +0.00000000E+000  +6.70483684E-021  +0.00000000E+000  -1.27291765E-008  +0.00000000E+000  +9.92547476E-002  +0.00000000E+000  +8.01289877E+011  +0.00000000E+000  -4.01694703E-002  +0.00000000E+000  -8.01289877E+011  +0.00000000E+000  -8.10789013E-002  +0.00000000E+000  -2.29541919E-002  +0.00000000E+000  +2.19270776E-002  +0.00000000E+000  -6.21816658E-002  +0.00000000E+000  -1.41376197E-002  +0.00000000E+000  +3.49845257E+009  +0.00000000E+000  +8.04823538E-004  +0.00000000E+000  -1.27427225E-003  +0.00000000E+000  -1.25269092E-004  +0.00000000E+000  +3.49845257E+009  +0.00000000E+000  -1.45273163E-003  +0.00000000E+000  +2.10941002E-003  +0.00000000E+000  -6.43282890E-004  +0.00000000E+000  -6.94574509E+009  +0.00000000E+000
+2.37500000E+001  -2.79599789E-019  +0.00000000E+000  -3.31186157E-019  +0.00000000E+000  -4.38716951E-019  +0.00000000E+000  -2.99156476E-021  +0.00000000E+000  -8.19405503E-021  +0.00000000E+000  +2.76422377E-008  +0.00000000E+000  -9.01447332E-002  +0.00000000E+000  +4.79156618E+011  +0.00000000E+000  +6.10333994E-002  +0.00000000E+000  -4.79156618E+011  +0.00000000E+000  +1.60198361E-001  +0.00000000E+000  -3.99251928E-003  +0.00000000E+000  -1.71551445E-001  +0.00000000E+000  +1.47021589E-002  +0.00000000E+000  -6.40451200E-002  +0.00000000E+000  +1.88410070E+009  +0.00000000E+000  -2.35368892E-004  +0.00000000E+000  +1.96458652E-003  +0.00000000E+000  +1.07573812E-003  +0.00000000E+000  +1.88410070E+009  +0.00000000E+000  +1.94767737E-003  +0.00000000E+000  -1.03901518E-003  +0.00000000E+000  +1.71542104E-003  +0.00000000E+000  -3.98468672E+009  +0.00000000E+000
+2.40000000E+001  +5.71780680E-019  +0.00000000E+000  +2.35659669E-020  +0.00000000E+000  +4.55067473E-019  +0.00000000E+000  +5.55799370E-021  +0.00000000E+000  +3.84971345E-021  +0.00000000E+000  +4.03678053E-008  +0.00000000E+000  +7.18700115E-002  +0.00000000E+000  -4.97076739E+010  +0.00000000E+000  -4.35355374E-002  +0.00000000E+000  +4.97076739E+010  +0.00000000E+000  -1.58332922E-001  +0.00000000E+000  +4.36174245E-002  +0.00000000E+000  +2.26160777E-001  +0.00000000E+000  -6.91893537E-002  +0.00000000E+000  +7.13044507E-002  +0.00000000E+000  -1.43905961E+008  +0.00000000E+000  +1.15264385E-003  +0.00000000E+000  -1.46851738E-003  +0.00000000E+000  +1.12276456E-004  +0.00000000E+000  -1.43905961E+008  +0.00000000E+000  -2.13443271E-003  +0.00000000E+000  +5.43913988E-004  +0.00000000E+000  -2.06408385E-003  +0.00000000E+000  +4.32301305E+008  +0.00000000E+000
+2.42500000E+001  -3.66092107E-019  +0.00000000E+000  +7.64527615E-020  +0.00000000E+000  -4.23065001E-019  +0.00000000E+000  -5.50426985E-021  +0.00000000E+000  -2.08881678E-021  +0.00000000E+000  +2.47533811E-008  +0.00000000E+000  +5.24477658E-002  +0.00000000E+000  -4.31568933E+011  +0.00000000E+000  -8.48980894E-003  +0.00000000E+000  +4.31568933E+011  +0.00000000E+000  -1.65181673E-002  +0.00000000E+000  -6.41263877E-002  +0.00000000E+000  -1.61919253E-001  +0.00000000E+000  +9.42854850E-002  +0.00000000E+000  -1.88107465E-002  +0.00000000E+000  -1.83040624E+009  +0.00000000E+000  -2.01820737E-004  +0.00000000E+000  +9.47049514E-004  +0.00000000E+000  +3.41752320E-004  +0.00000000E+000  -1.83040624E+009  +0.00000000E+000  +2.06612292E-003  +0.00000000E+000  +2.78930250E-005  +0.00000000E+000  +1.33537857E-003  +0.00000000E+000  +3.70894345E+009  +0.00000000E+000
+2.45000000E+001  +6.90384315E-021  +0.00000000E+000  +1.70453316E-019  +0.00000000E+000  +1.14562095E-019  +0.00000000E+000  -1.37877050E-021  +0.00000000E+000  +1.47354883E-021  +0.00000000E+000  -2.53880371E-009  +0.00000000E+000  +2.19629689E-002  +0.00000000E+000  -4.08438463E+011  +0.00000000E+000  -1.87289628E-002  +0.00000000E+000  +4.08438463E+011  +0.00000000E+000  -2.41002982E-002  +0.00000000E+000  +6.76968332E-002  +0.00000000E+000  -1.98648542E-002  +0.00000000E+000  +3.00912072E-002  +0.00000000E+000  +2.57559188E-003  +0.00000000E+000  -1.75106116E+009  +0.00000000E+000  +1.07940082E-003  +0.00000000E+000  +3.19823223E-004  +0.00000000E+000  +1.86664304E-004  +0.00000000E+000  -1.75106116E+009  +0.00000000E+000  +4.14471217E-005  +0.00000000E+000  +7.03863054E-004  +0.00000000E+000  +5.92290954E-004  +0.00000000E+000  +3.50919329E+009  +0.00000000E+000
+2.47500000E+001  +2.40853497E-019  +0.00000000E+000  +3.34970260E-020  +0.00000000E+000  -1.21490063E-020  +0.00000000E+000  +6.86001503E-021  +0.00000000E+000  -2.58560539E-021  +0.00000000E+000  -1.82330173E-008  +0.00000000E+000  -3.48696793E-002  +0.00000000E+000  -1.11732990E+011  +0.00000000E+000  +9.55346282E-002  +0.00000000E+000  +1.11732990E+011  +0.00000000E+000  +1.18978589E-001  +0.00000000E+000  -1.09188248E-001  +0.00000000E+000  +7.86969969E-002  +0.00000000E+000  -1.65574503E-001  +0.00000000E+000  -8.64435287E-002  +0.00000000E+000  -3.93008638E+008  +0.00000000E+000  +2.55830807E-004  +0.00000000E+000  -9.29567002E-004  +0.00000000E+000  +6.67481247E-004  +0.00000000E+000  -3.93008638E+008  +0.00000000E+000  -8.09895152E-004  +0.00000000E+000  -9.48362852E-004  +0.00000000E+000  -7.53111676E-004  +0.00000000E+000  +8.73786751E+008  +0.00000000E+000
+2.50000000E+001  -3.34111784E-019  +0.00000000E+000  +5.24521401E-020  +0.00000000E+000  -1.36848502E-019  +0.00000000E+000  -6.04436464E-021  +0.00000000E+000  -7.81376197E-022  +0.00000000E+000  -1.73168029E-008  +0.00000000E+000  +3.66124966E-002  +0.00000000E+000  +1.18852820E+011  +0.00000000E+000  -1.68226223E-001  +0.00000000E+000  -1.18852820E+011  +0.00000000E+000  -1.78266587E-001  +0.00000000E+000  +5.73544065E-002  +0.00000000E+000  -9.44765294E-002  +0.00000000E+000  +2.51578219E-001  +0.00000000E+000  +1.40288849E-001  +0.00000000E+000  +4.16328874E+008  +0.00000000E+000  +8.71657033E-005  +0.00000000E+000  +1.71956141E-003  +0.00000000E+000  +1.88872673E-004  +0.00000000E+000  +4.16328874E+008  +0.00000000E+000  +1.25622122E-003  +0.00000000E+000  +8.01924470E-004  +0.00000000E+000  +3.90502351E-004  +0.00000000E+000  -1.00026007E+009  +0.00000000E+000
+2.52500000E+001  +3.35900900E-019  +0.00000000E+000  -1.73441241E-019  +0.00000000E+000  +4.49177643E-020  +0.00000000E+000  +1.97146070E-021  +0.00000000E+000  +1.65087585E-021  +0.00000000E+000  -7.03166457E-009  +0.00000000E+000  +4.07333127E-002  +0.00000000E+000  +1.95061980E+011  +0.00000000E+000  +1.33488342E-001  +0.00000000E+000  -1.95061980E+011  +0.00000000E+000  +7.66581654E-002  +0.00000000E+000  +9.51428573E-004  +0.00000000E+000  +8.71636594E-002  +0.00000000E+000  -1.78923232E-001  +0.00000000E+000  -1.17307961E-001  +0.00000000E+000  +8.97974398E+008  +0.00000000E+000  +8.93535470E-004  +0.00000000E+000  -1.63774827E-003  +0.00000000E+000  +9.27646026E-004  +0.00000000E+000  +8.97974398E+008  +0.00000000E+000  -6.31737544E-004  +0.00000000E+000  +8.68170405E-004  +0.00000000E+000  +2.79801908E-004  +0.00000000E+000  -1.70223161E+009  +0.00000000E+000
+2.55000000E+001  -4.89535142E-020  +0.00000000E+000  -1.30666070E-020  +0.00000000E+000  +1.29820655E-019  +0.00000000E+000  -1.20366000E-021  +0.00000000E+000  -2.52517670E-022  +0.00000000E+000  +1.81419189E-009  +0.00000000E+000  +4.61489454E-002  +0.00000000E+000  +8.63830070E+010  +0.00000000E+000  -2.45182463E-002  +0.00000000E+000  -8.63830070E+010  +0.00000000E+000  -2.15456603E-002  +0.00000000E+000  -1.13664334E-002  +0.00000000E+000  -3.38087962E-002  +0.00000000E+000  +1.84018829E-002  +0.00000000E+000  -3.69571979E-002  +0.00000000E+000  +3.25030574E+008  +0.00000000E+000  +3.73278186E-005  +0.00000000E+000  +1.18952137E-003  +0.00000000E+000  +1.98466207E-004  +0.00000000E+000  +3.25030574E+008  +0.00000000E+000  -4.16566513E-004  +0.00000000E+000  +1.28852701E-003  +0.00000000E+000  -5.71589099E-004  +0.00000000E+000  -7.13082134E+008  +0.00000000E+000
+2.57500000E+001  -2.63802241E-019  +0.00000000E+000  -1.04566986E-019  +0.00000000E+000  -7.43205040E-020  +0.00000000E+000  +1.51807122E-021  +0.00000000E+000  -8.20418268E-022  +0.00000000E+000  +3.53820148E-009  +0.00000000E+000  -3.09962945E-002  +0.00000000E+000  -9.71347921E+009  +0.00000000E+000  +1.74444826E-002  +0.00000000E+000  +9.71347921E+009  +0.00000000E+000  +1.92309588E-002  +0.00000000E+000  +1.98502627E-002  +0.00000000E+000  +3.71220134E-003  +0.00000000E+000  -2.64423787E-002  +0.00000000E+000  +2.95557071E-002  +0.00000000E+000  -2.92119783E+007  +0.00000000E+000  +1.18855227E-003  +0.00000000E+000  -2.30425495E-003  +0.00000000E+000  +6.30701019E-004  +0.00000000E+000  -2.92119783E+007  +0.00000000E+000  +1.26139065E-003  +0.00000000E+000  -2.07280042E-003  +0.00000000E+000  +6.35002148E-004  +0.00000000E+000  +9.69623841E+007  +0.00000000E+000
+2.60000000E+001  +1.45049906E-019  +0.00000000E+000  +3.86288009E-019  +0.00000000E+000  +1.89857884E-019  +0.00000000E+000  -1.09914181E-021  +0.00000000E+000  -4.23062858E-022  +0.00000000E+000  +1.91616380E-009  +0.00000000E+000  +5.48279881E-002  +0.00000000E+000  -3.61386621E+010  +0.00000000E+000  -8.51793153E-002  +0.00000000E+000  +3.61386621E+010  +0.00000000E+000  -9.29736320E-002  +0.00000000E+000  -4.13112159E-003  +0.00000000E+000  +2.32948822E-003  +0.00000000E+000  -4.30127455E-002  +0.00000000E+000  +2.38954773E-002  +0.00000000E+000  -1.28465810E+008  +0.00000000E+000  -1.84287364E-004  +0.00000000E+000  +4.85224231E-003  +0.00000000E+000  +1.33719097E-004  +0.00000000E+000  -1.28465810E+008  +0.00000000E+000  -1.67612838E-003  +0.00000000E+000  +1.03400316E-003  +0.00000000E+000  +1.23557384E-004  +0.00000000E+000  +2.94281545E+008  +0.00000000E+000
+2.62500000E+001  -2.15971988E-020  +0.00000000E+000  +5.46042401E-020  +0.00000000E+000  -2.02895539E-019  +0.00000000E+000  +4.12060543E-021  +0.00000000E+000  -8.08155337E-022  +0.00000000E+000  -4.19215315E-011  +0.00000000E+000  +2.27042146E-002  +0.00000000E+000  -2.23334586E+010  +0.00000000E+000  +1.24047277E-001  +0.00000000E+000  +2.23334586E+010  +0.00000000E+000  +6.37199598E-002  +0.00000000E+000  -9.50356840E-003  +0.00000000E+000  +3.46232493E-004  +0.00000000E+000  +7.40916478E-002  +0.00000000E+000  -8.30761621E-002  +0.00000000E+000  -1.40178399E+008  +0.00000000E+000  +5.75924907E-004  +0.00000000E+000  -4.75183627E-003  +0.00000000E+000  +4.24881474E-004  +0.00000000E+000  -1.40178399E+008  +0.00000000E+000  +1.67382972E-003  +0.00000000E+000  +8.25425161E-004  +0.00000000E+000  -4.47303064E-004  +0.00000000E+000  +2.09871277E+008  +0.00000000E+000
+2.65000000E+001  +9.11146953E-020  +0.00000000E+000  -2.79033567E-019  +0.00000000E+000  -1.71845603E-019  +0.00000000E+000  -2.94462154E-021  +0.00000000E+000  -1.65066508E-021  +0.00000000E+000  -1.71396035E-010  +0.00000000E+000  -4.26243103E-003  +0.00000000E+000  +8.24942541E+009  +0.00000000E+000  +4.48207160E-002  +0.00000000E+000  -8.24942541E+009  +0.00000000E+000  -4.62362587E-003  +0.00000000E+000  -2.73363800E-002  +0.00000000E+000  -6.43977976E-002  +0.00000000E+000  -1.01714423E-001  +0.00000000E+000  -1.97368193E-002  +0.00000000E+000  +7.93698979E+007  +0.00000000E+000  -4.24523044E-004  +0.00000000E+000  +2.94837034E-004  +0.00000000E+000  +1.40509569E-003  +0.00000000E+000  +7.93698979E+007  +0.00000000E+000  +7.22018461E-004  +0.00000000E+000  +7.35841971E-004  +0.00000000E+000  -2.85195285E-005  +0.00000000E+000  -9.35030523E+007  +0.00000000E+000
+2.67500000E+001  -2.13850587E-019  +0.00000000E+000  +4.13132827E-020  +0.00000000E+000  +2.02052738E-019  +0.00000000E+000  +3.16698630E-021  +0.00000000E+000  +1.32896933E-021  +0.00000000E+000  +6.41938513E-011  +0.00000000E+000  +2.25421449E-002  +0.00000000E+000  -3.72104953E+009  +0.00000000E+000  -1.41181657E-001  +0.00000000E+000  +3.72104953E+009  +0.00000000E+000  -2.59442647E-002  +0.00000000E+000  +7.20898028E-002  +0.00000000E+000  +1.63992863E-001  +0.00000000E+000  +1.01233925E-001  +0.00000000E+000  +5.48860046E-002  +0.00000000E+000  -7.24254073E+007  +0.00000000E+000  +1.00374307E-003  +0.00000000E+000  +1.41899849E-003  +0.00000000E+000  -9.80966818E-004  +0.00000000E+000  -7.24254073E+007  +0.00000000E+000  -1.22925178E-003  +0.00000000E+000  -8.16756259E-004  +0.00000000E+000  +6.68683521E-004  +0.00000000E+000  +5.29211667E+007  +0.00000000E+000
+2.70000000E+001  +1.19706410E-019  +0.00000000E+000  +4.87781379E-020  +0.00000000E+000  -3.81591245E-020  +0.00000000E+000  -2.60309784E-021  +0.00000000E+000  -5.91920434E-022  +0.00000000E+000  -2.43935911E-011  +0.00000000E+000  +2.78806727E-002  +0.00000000E+000  +4.59688395E+009  +0.00000000E+000  +1.47710993E-001  +0.00000000E+000  -4.59688395E+009  +0.00000000E+000  -4.93064903E-002  +0.00000000E+000  -5.95904262E-002  +0.00000000E+000  -2.45978358E-001  +0.00000000E+000  -7.52282178E-002  +0.00000000E+000  -3.96493469E-002  +0.00000000E+000  +6.53102175E+007  +0.00000000E+000  +6.22124778E-004  +0.00000000E+000  -7.90844892E-004  +0.00000000E+000  +1.73180363E-003  +0.00000000E+000  +6.53102175E+007  +0.00000000E+000  +1.17773804E-003  +0.00000000E+000  -3.16792853E-004  +0.00000000E+000  -9.24691915E-004  +0.00000000E+000  -5.01400190E+007  +0.00000000E+000
+2.72500000E+001  +3.61439415E-020  +0.00000000E+000  +1.33169594E-019  +0.00000000E+000  +7.22661893E-020  +0.00000000E+000  +1.63308651E-021  +0.00000000E+000  -2.55662728E-021  +0.00000000E+000  +1.64303772E-010  +0.00000000E+000  -2.50433268E-003  +0.00000000E+000  -1.16106205E+009  +0.00000000E+000  -8.60128605E-002  +0.00000000E+000  +1.16106205E+009  +0.00000000E+000  +2.70240125E-002  +0.00000000E+000  +2.17024937E-003  +0.00000000E+000  +1.99888738E-001  +0.00000000E+000  +1.64621864E-002  +0.00000000E+000  +2.13136616E-002  +0.00000000E+000  -2.23042807E+007  +0.00000000E+000  -2.89194667E-004  +0.00000000E+000  +1.26548359E-004  +0.00000000E+000  -2.54041299E-005  +0.00000000E+000  -2.23042807E+007  +0.00000000E+000  -5.73375201E-004  +0.00000000E+000  +1.62931767E-003  +0.00000000E+000  +1.17485748E-003  +0.00000000E+000  +1.90935773E+007  +0.00000000E+000
+2.75000000E+001  +1.23562985E-019  +0.00000000E+000  -2.74739175E-020  +0.00000000E+000  +8.13017153E-020  +0.00000000E+000  -2.94640732E-021  +0.00000000E+000  +1.74598102E-021  +0.00000000E+000  +7.20335931E-011  +0.00000000E+000  -5.82167847E-002  +0.00000000E+000  +3.85321493E+009  +0.00000000E+000  -1.45995189E-002  +0.00000000E+000  -3.85321493E+009  +0.00000000E+000  +3.69271273E-003  +0.00000000E+000  -1.38728654E-002  +0.00000000E+000  -1.16151671E-001  +0.00000000E+000  -5.57998234E-002  +0.00000000E+000  +4.52188966E-002  +0.00000000E+000  +3.45675067E+007  +0.00000000E+000  -5.89389904E-005  +0.00000000E+000  +2.47196167E-004  +0.00000000E+000  +1.84019787E-003  +0.00000000E+000  +3.45675067E+007  +0.00000000E+000  +4.47120635E-004  +0.00000000E+000  -8.28319335E-004  +0.00000000E+000  +7.09855696E-005  +0.00000000E+000  -3.43308395E+007  +0.00000000E+000
+2.77500000E+001  -7.59616265E-020  +0.00000000E+000  -1.45258039E-019  +0.00000000E+000  -2.65717280E-019  +0.00000000E+000  +5.15600665E-021  +0.00000000E+000  -4.74074342E-021  +0.00000000E+000  +3.07313764E-010  +0.00000000E+000  +2.05715866E-001  +0.00000000E+000  -2.01477884E+009  +0.00000000E+000  +1.13187962E-002  +0.00000000E+000  +2.01477884E+009  +0.00000000E+000  -6.41559056E-002  +0.00000000E+000  +8.31437114E-002  +0.00000000E+000  +1.26436526E-001  +0.00000000E+000  +6.56740734E-002  +0.00000000E+000  -1.34978752E-001  +0.00000000E+000  -1.67524079E+007  +0.00000000E+000  +1.81547837E-003  +0.00000000E+000  +2.25049753E-004  +0.00000000E+000  -2.58826849E-003  +0.00000000E+000  -1.67524079E+007  +0.00000000E+000  -5.22954864E-004  +0.00000000E+000  +1.42270771E-003  +0.00000000E+000  -9.10554728E-004  +0.00000000E+000  +1.64503062E+007  +0.00000000E+000
+2.80000000E+001  +2.16274875E-020  +0.00000000E+000  +1.68509310E-019  +0.00000000E+000  +1.65469551E-019  +0.00000000E+000  -4.58476895E-021  +0.00000000E+000  +3.31976055E-021  +0.00000000E+000  -3.83913577E-011  +0.00000000E+000  -2.50387577E-001  +0.00000000E+000  -4.26739969E+009  +0.00000000E+000  +4.97806836E-002  +0.00000000E+000  +4.26739969E+009  +0.00000000E+000  +5.31526782E-002  +0.00000000E+000  -1.53478395E-001  +0.00000000E+000  -1.26646721E-001  +0.00000000E+000  -6.33977867E-002  +0.00000000E+000  +1.81926728E-001  +0.00000000E+000  -4.17798298E+007  +0.00000000E+000  -1.15140446E-003  +0.00000000E+000  -9.39789288E-005  +0.00000000E+000  +4.07717648E-003  +0.00000000E+000  -4.17798298E+007  +0.00000000E+000  +5.14672619E-004  +0.00000000E+000  -1.74549321E-003  +0.00000000E+000  +1.26627932E-003  +0.00000000E+000  +4.02302536E+007  +0.00000000E+000
+2.82500000E+001  -1.42515910E-020  +0.00000000E+000  +8.16247613E-020  +0.00000000E+000  +9.27447874E-020  +0.00000000E+000  +3.63418391E-021  +0.00000000E+000  -3.02838288E-021  +0.00000000E+000  +5.01416682E-011  +0.00000000E+000  +2.13335479E-001  +0.00000000E+000  +2.96919781E+009  +0.00000000E+000  -1.08906884E-001  +0.00000000E+000  -2.96919781E+009  +0.00000000E+000  -5.15195054E-002  +0.00000000E+000  +1.61054867E-001  +0.00000000E+000  +1.18926381E-001  +0.00000000E+000  +3.76257861E-002  +0.00000000E+000  -1.43511171E-001  +0.00000000E+000  +6.09043002E+007  +0.00000000E+000  +1.45801121E-003  +0.00000000E+000  +3.28459904E-004  +0.00000000E+000  -1.78232714E-003  +0.00000000E+000  +6.09043002E+007  +0.00000000E+000  +2.13709610E-004  +0.00000000E+000  +1.52773558E-003  +0.00000000E+000  -9.12209514E-004  +0.00000000E+000  -3.90258978E+007  +0.00000000E+000
+2.85000000E+001  +7.20575709E-020  +0.00000000E+000  +1.28589661E-021  +0.00000000E+000  +1.12779545E-019  +0.00000000E+000  +6.26240124E-022  +0.00000000E+000  +8.99408685E-022  +0.00000000E+000  -1.15802480E-010  +0.00000000E+000  -1.31544019E-001  +0.00000000E+000  -2.54367835E+009  +0.00000000E+000  -7.56313365E-002  +0.00000000E+000  +2.54367835E+009  +0.00000000E+000  +4.48515869E-002  +0.00000000E+000  -2.46384536E-003  +0.00000000E+000  +1.64091541E-002  +0.00000000E+000  -6.13880407E-002  +0.00000000E+000  +7.84347571E-002  +0.00000000E+000  -3.45100501E+007  +0.00000000E+000  -5.14875318E-004  +0.00000000E+000  +7.69948426E-004  +0.00000000E+000  +1.70486574E-003  +0.00000000E+000  -3.45100501E+007  +0.00000000E+000  -6.22049710E-004  +0.00000000E+000  -5.36150793E-004  +0.00000000E+000  +6.08416609E-004  +0.00000000E+000  +2.66692411E+007  +0.00000000E+000
+2.87500000E+001  -1.28939907E-019  +0.00000000E+000  -1.65191634E-019  +0.00000000E+000  -1.38815485E-019  +0.00000000E+000  -2.83995484E-021  +0.00000000E+000  -3.02784966E-021  +0.00000000E+000  +9.21838857E-012  +0.00000000E+000  +1.99462217E-001  +0.00000000E+000  +4.17919108E+009  +0.00000000E+000  +1.86307624E-001  +0.00000000E+000  -4.17919108E+009  +0.00000000E+000  -7.45937976E-002  +0.00000000E+000  -1.06791156E-002  +0.00000000E+000  -7.77093949E-002  +0.00000000E+000  +3.16991139E-003  +0.00000000E+000  -1.05975415E-001  +0.00000000E+000  +5.69024363E+007  +0.00000000E+000  +1.34448048E-003  +0.00000000E+000  -1.28618414E-003  +0.00000000E+000  -1.04181140E-003  +0.00000000E+000  +5.69024363E+007  +0.00000000E+000  +1.44244053E-003  +0.00000000E+000  +2.01816523E-003  +0.00000000E+000  -1.00695795E-003  +0.00000000E+000  -4.29993214E+007  +0.00000000E+000
+2.90000000E+001  +2.03269730E-019  +0.00000000E+000  +1.61326235E-019  +0.00000000E+000  +1.40703383E-019  +0.00000000E+000  +4.96115075E-021  +0.00000000E+000  +2.61845639E-021  +0.00000000E+000  -1.25764729E-011  +0.00000000E+000  -1.52872779E-001  +0.00000000E+000  -3.87206330E+009  +0.00000000E+000  -1.78588704E-001  +0.00000000E+000  +3.87206330E+009  +0.00000000E+000  +1.91523944E-002  +0.00000000E+000  -2.93648879E-002  +0.00000000E+000  +8.14077797E-002  +0.00000000E+000  +7.74429541E-002  +0.00000000E+000  +9.44007973E-002  +0.00000000E+000  -7.74701928E+007  +0.00000000E+000  +7.76932429E-005  +0.00000000E+000  +2.54732234E-003  +0.00000000E+000  +1.77809665E-003  +0.00000000E+000  -7.74701928E+007  +0.00000000E+000  -1.95929433E-003  +0.00000000E+000  -3.51685692E-003  +0.00000000E+000  +1.15990142E-003  +0.00000000E+000  +4.70600973E+007  +0.00000000E+000
+2.92500000E+001  -1.77744288E-019  +0.00000000E+000  +2.46061462E-019  +0.00000000E+000  -1.14825652E-019  +0.00000000E+000  -3.10234902E-021  +0.00000000E+000  -3.95073280E-021  +0.00000000E+000  +4.52679209E-011  +0.00000000E+000  +1.16481413E-001  +0.00000000E+000  +5.10127530E+009  +0.00000000E+000  +7.95424970E-002  +0.00000000E+000  -5.10127529E+009  +0.00000000E+000  +1.66144225E-003  +0.00000000E+000  +5.31609042E-002  +0.00000000E+000  -2.17073563E-002  +0.00000000E+000  -9.91543493E-002  +0.00000000E+000  -7.60021915E-002  +0.00000000E+000  +6.78796069E+007  +0.00000000E+000  +3.55091763E-004  +0.00000000E+000  -2.47144380E-003  +0.00000000E+000  -4.38984862E-004  +0.00000000E+000  +6.78796069E+007  +0.00000000E+000  +1.92605182E-003  +0.00000000E+000  +3.48075807E-003  +0.00000000E+000  -3.38543420E-004  +0.00000000E+000  -4.05784532E+007  +0.00000000E+000
+2.95000000E+001  +2.12285598E-019  +0.00000000E+000  -3.26532535E-019  +0.00000000E+000  -6.13980672E-020  +0.00000000E+000  +7.00992903E-022  +0.00000000E+000  +9.00313527E-022  +0.00000000E+000  +1.36471753E-010  +0.00000000E+000  -3.75106330E-002  +0.00000000E+000  -2.37017179E+009  +0.00000000E+000  -1.50425704E-002  +0.00000000E+000  +2.37017179E+009  +0.00000000E+000  -3.26684169E-003  +0.00000000E+000  -6.43906342E-002  +0.00000000E+000  +3.75957081E-003  +0.00000000E+000  +1.83027283E-002  +0.00000000E+000  +1.84348337E-002  +0.00000000E+000  -4.69168973E+007  +0.00000000E+000  +6.03711448E-004  +0.00000000E+000  +1.08724484E-003  +0.00000000E+000  +8.51148637E-004  +0.00000000E+000  -4.69168973E+007  +0.00000000E+000  -1.15686916E-003  +0.00000000E+000  -1.25957165E-003  +0.00000000E+000  +2.72065951E-004  +0.00000000E+000  +3.16351454E+007  +0.00000000E+000
+2.97500000E+001  +1.50393623E-019  +0.00000000E+000  +2.05081848E-020  +0.00000000E+000  +1.66963024E-019  +0.00000000E+000  -2.04776420E-021  +0.00000000E+000  +1.68490289E-021  +0.00000000E+000  +8.77079413E-011  +0.00000000E+000  +6.08425615E-002  +0.00000000E+000  +3.10718946E+009  +0.00000000E+000  +2.91383551E-002  +0.00000000E+000  -3.10718946E+009  +0.00000000E+000  -1.53629517E-001  +0.00000000E+000  -1.10428325E-001  +0.00000000E+000  -7.31375572E-002  +0.00000000E+000  +1.10071169E-001  +0.00000000E+000  +7.37877961E-002  +0.00000000E+000  +5.46847774E+007  +0.00000000E+000  +2.35912381E-004  +0.00000000E+000  +2.26134515E-003  +0.00000000E+000  +7.64073858E-004  +0.00000000E+000  +5.46847774E+007  +0.00000000E+000  +1.10807137E-003  +0.00000000E+000  -2.68769998E-004  +0.00000000E+000  -8.68578994E-004  +0.00000000E+000  -3.08354231E+007  +0.00000000E+000
+3.00000000E+001  -2.74239124E-019  +0.00000000E+000  -8.40271576E-020  +0.00000000E+000  -1.26768336E-019  +0.00000000E+000  +2.41989793E-021  +0.00000000E+000  -1.35506961E-021  +0.00000000E+000  +1.04151219E-010  +0.00000000E+000  +9.23515766E-003  +0.00000000E+000  -4.35090421E+009  +0.00000000E+000  -1.51049147E-001  +0.00000000E+000  +4.35090421E+009  +0.00000000E+000  +1.34310333E-001  +0.00000000E+000  +9.18823608E-002  +0.00000000E+000  +4.65145816E-002  +0.00000000E+000  -8.24354204E-002  +0.00000000E+000  -1.23720961E-001  +0.00000000E+000  -4.99797832E+007  +0.00000000E+000  +8.97296007E-004  +0.00000000E+000  -1.82120820E-003  +0.00000000E+000  -3.54511301E-004  +0.00000000E+000  -4.99797832E+007  +0.00000000E+000  -8.47822661E-005  +0.00000000E+000  +4.83361064E-005  +0.00000000E+000  +3.44168332E-004  +0.00000000E+000  +2.16228337E+007  +0.00000000E+000
+3.02500000E+001  -9.48268529E-020  +0.00000000E+000  +1.40631663E-019  +0.00000000E+000  +5.78229277E-020  +0.00000000E+000  -1.37706769E-021  +0.00000000E+000  +3.37631846E-022  +0.00000000E+000  -8.71934130E-011  +0.00000000E+000  -1.72957170E-002  +0.00000000E+000  -2.15313275E+008  +0.00000000E+000  +1.62241397E-001  +0.00000000E+000  +2.15313275E+008  +0.00000000E+000  -8.61362453E-002  +0.00000000E+000  -2.11114612E-002  +0.00000000E+000  -3.22292099E-002  +0.00000000E+000  -1.74215132E-002  +0.00000000E+000  +8.90435914E-002  +0.00000000E+000  +3.67849727E+007  +0.00000000E+000  +1.44564830E-004  +0.00000000E+000  +1.13415263E-003  +0.00000000E+000  +1.29225664E-003  +0.00000000E+000  +3.67849727E+007  +0.00000000E+000  -4.92559263E-004  +0.00000000E+000  +5.21754832E-004  +0.00000000E+000  +2.82907186E-004  +0.00000000E+000  -2.95134173E+007  +0.00000000E+000
+3.05000000E+001  +2.34019818E-019  +0.00000000E+000  +1.65016010E-019  +0.00000000E+000  +9.58377079E-020  +0.00000000E+000  +4.19435602E-021  +0.00000000E+000  -2.78812871E-021  +0.00000000E+000  -8.37221805E-011  +0.00000000E+000  -3.21277171E-002  +0.00000000E+000  -2.41804403E+009  +0.00000000E+000  -4.80829573E-002  +0.00000000E+000  +2.41804403E+009  +0.00000000E+000  +4.68511758E-002  +0.00000000E+000  +1.87447970E-002  +0.00000000E+000  +4.45835016E-002  +0.00000000E+000  -2.52609936E-003  +0.00000000E+000  +7.55663816E-004  +0.00000000E+000  -1.62907032E+007  +0.00000000E+000  +5.60753717E-004  +0.00000000E+000  +7.33552715E-004  +0.00000000E+000  +1.01623829E-003  +0.00000000E+000  -1.62907032E+007  +0.00000000E+000  -1.94096379E-004  +0.00000000E+000  -7.39001728E-004  +0.00000000E+000  -2.26358436E-005  +0.00000000E+000  -1.92335517E+006  +0.00000000E+000
+3.07500000E+001  -2.17202435E-019  +0.00000000E+000  +1.22737443E-021  +0.00000000E+000  -2.26104554E-019  +0.00000000E+000  -3.96181179E-021  +0.00000000E+000  +1.30878628E-021  +0.00000000E+000  -1.67961683E-010  +0.00000000E+000  +9.32228126E-002  +0.00000000E+000  +2.30301864E+009  +0.00000000E+000  -1.51705559E-002  +0.00000000E+000  -2.30301864E+009  +0.00000000E+000  -8.06207685E-002  +0.00000000E+000  -1.45257470E-001  +0.00000000E+000  -1.90779809E-002  +0.00000000E+000  -2.91758104E-002  +0.00000000E+000  -3.03687443E-002  +0.00000000E+000  +1.89406793E+007  +0.00000000E+000  +3.53270169E-004  +0.00000000E+000  -2.58066884E-003  +0.00000000E+000  -6.56546568E-004  +0.00000000E+000  +1.89406793E+007  +0.00000000E+000  +1.23926061E-003  +0.00000000E+000  +1.97209680E-003  +0.00000000E+000  +2.39542248E-004  +0.00000000E+000  +8.60918531E+005  +0.00000000E+000
+3.10000000E+001  +9.34131299E-020  +0.00000000E+000  -2.70776037E-019  +0.00000000E+000  +4.16901162E-019  +0.00000000E+000  +1.38203897E-021  +0.00000000E+000  -4.71073645E-022  +0.00000000E+000  +4.31887601E-011  +0.00000000E+000  -4.61765634E-002  +0.00000000E+000  +2.56685152E+009  +0.00000000E+000  -1.68664486E-002  +0.00000000E+000  -2.56685152E+009  +0.00000000E+000  +3.32006310E-002  +0.00000000E+000  +1.62690905E-001  +0.00000000E+000  +1.13510306E-004  +0.00000000E+000  +8.56728029E-002  +0.00000000E+000  +2.00205250E-002  +0.00000000E+000  -3.17348479E+007  +0.00000000E+000  +4.21030776E-004  +0.00000000E+000  +4.05784099E-003  +0.00000000E+000  +1.31992111E-003  +0.00000000E+000  -3.17348479E+007  +0.00000000E+000  -1.00344068E-003  +0.00000000E+000  -1.68991826E-003  +0.00000000E+000  -5.31465636E-004  +0.00000000E+000  +4.32808387E+007  +0.00000000E+000
+3.12500000E+001  -1.50569085E-019  +0.00000000E+000  +2.30550391E-019  +0.00000000E+000  -3.59188779E-019  +0.00000000E+000  +1.40891229E-021  +0.00000000E+000  -9.82630562E-022  +0.00000000E+000  +1.30226590E-010  +0.00000000E+000  +6.70509440E-002  +0.00000000E+000  +2.08486023E+009  +0.00000000E+000  +5.29869651E-002  +0.00000000E+000  -2.08486023E+009  +0.00000000E+000  -2.41853229E-002  +0.00000000E+000  -7.96846273E-002  +0.00000000E+000  +1.14805829E-002  +0.00000000E+000  -1.27147944E-001  +0.00000000E+000  -3.94376361E-002  +0.00000000E+000  -3.11542390E+007  +0.00000000E+000  +6.18090155E-004  +0.00000000E+000  -2.90581490E-003  +0.00000000E+000  +8.42716622E-005  +0.00000000E+000  -3.11542390E+007  +0.00000000E+000  +3.49483502E-004  +0.00000000E+000  +1.02092830E-003  +0.00000000E+000  +6.84223531E-004  +0.00000000E+000  +5.25449280E+007  +0.00000000E+000
+3.15000000E+001  +6.37425653E-021  +0.00000000E+000  -1.15257606E-019  +0.00000000E+000  -2.61744782E-020  +0.00000000E+000  +1.73908395E-021  +0.00000000E+000  +1.74424735E-021  +0.00000000E+000  +2.90786983E-010  +0.00000000E+000  +4.14742201E-002  +0.00000000E+000  -1.68037668E+008  +0.00000000E+000  -7.49850740E-003  +0.00000000E+000  +1.68037668E+008  +0.00000000E+000  -3.57560490E-002  +0.00000000E+000  -5.33449748E-002  +0.00000000E+000  +2.10264007E-002  +0.00000000E+000  +6.36862812E-002  +0.00000000E+000  +8.70644479E-003  +0.00000000E+000  +1.13002379E+006  +0.00000000E+000  -2.92210092E-004  +0.00000000E+000  +9.82902727E-004  +0.00000000E+000  +1.21237347E-003  +0.00000000E+000  +1.13002379E+006  +0.00000000E+000  -1.95157231E-004  +0.00000000E+000  +4.21337218E-004  +0.00000000E+000  -1.00567430E-004  +0.00000000E+000  -4.92657130E+006  +0.00000000E+000
+3.17500000E+001  -1.21110196E-019  +0.00000000E+000  +1.33521882E-019  +0.00000000E+000  +1.39925913E-019  +0.00000000E+000  -3.05123439E-021  +0.00000000E+000  -2.93754672E-021  +0.00000000E+000  +9.60928776E-011  +0.00000000E+000  -5.21449001E-002  +0.00000000E+000  -4.52849327E+009  +0.00000000E+000  +3.85243390E-002  +0.00000000E+000  +4.52849327E+009  +0.00000000E+000  +1.84739558E-002  +0.00000000E+000  +1.58734293E-001  +0.00000000E+000  -4.30649955E-002  +0.00000000E+000  -9.00447793E-002  +0.00000000E+000  +5.23827747E-003  +0.00000000E+000  +2.54960173E+007  +0.00000000E+000  +1.53626632E-003  +0.00000000E+000  -6.02338842E-004  +0.00000000E+000  -4.15685969E-004  +0.00000000E+000  +2.54960173E+007  +0.00000000E+000  -3.74807678E-004  +0.00000000E+000  -1.41375961E-003  +0.00000000E+000  -1.53220963E-005  +0.00000000E+000  -5.45225304E+007  +0.00000000E+000
+3.20000000E+001  +3.10932717E-019  +0.00000000E+000  +6.11036657E-021  +0.00000000E+000  -6.63122199E-020  +0.00000000E+000  +3.73872251E-021  +0.00000000E+000  -2.24778269E-022  +0.00000000E+000  -1.22436227E-010  +0.00000000E+000  +9.45584361E-002  +0.00000000E+000  -3.75654925E+009  +0.00000000E+000  -7.94768801E-002  +0.00000000E+000  +3.75654925E+009  +0.00000000E+000  -4.33395932E-002  +0.00000000E+000  -2.69413217E-001  +0.00000000E+000  +5.87985991E-002  +0.00000000E+000  +1.16929646E-001  +0.00000000E+000  -2.42257669E-002  +0.00000000E+000  +5.86810564E+007  +0.00000000E+000  -5.95185128E-004  +0.00000000E+000  +9.58182613E-004  +0.00000000E+000  +7.07470114E-004  +0.00000000E+000  +5.86810564E+007  +0.00000000E+000  +1.42105974E-003  +0.00000000E+000  +2.97500631E-003  +0.00000000E+000  +4.00580885E-004  +0.00000000E+000  -8.90877051E+007  +0.00000000E+000
+3.22500000E+001  -2.40939832E-019  +0.00000000E+000  -2.20051998E-019  +0.00000000E+000  -1.05166821E-019  +0.00000000E+000  -3.47732312E-021  +0.00000000E+000  +5.25869135E-022  +0.00000000E+000  -3.79903671E-010  +0.00000000E+000  -3.10229425E-002  +0.00000000E+000  -3.20162622E+009  +0.00000000E+000  +7.46473231E-002  +0.00000000E+000  +3.20162622E+009  +0.00000000E+000  +2.01115872E-002  +0.00000000E+000  +2.10419445E-001  +0.00000000E+000  -6.41952613E-002  +0.00000000E+000  -1.24005705E-001  +0.00000000E+000  -4.48377980E-003  +0.00000000E+000  -1.25927391E+007  +0.00000000E+000  +1.04703176E-003  +0.00000000E+000  -6.83514500E-004  +0.00000000E+000  +7.64977662E-004  +0.00000000E+000  -1.25927391E+007  +0.00000000E+000  -1.51949487E-003  +0.00000000E+000  -2.47643211E-003  +0.00000000E+000  -4.40241280E-004  +0.00000000E+000  -7.16767078E+006  +0.00000000E+000
+3.25000000E+001  +1.68672312E-019  +0.00000000E+000  +1.28529761E-020  +0.00000000E+000  +1.60736977E-019  +0.00000000E+000  +1.67087824E-021  +0.00000000E+000  -1.89656434E-021  +0.00000000E+000  -2.96492140E-010  +0.00000000E+000  +4.85002027E-002  +0.00000000E+000  +5.06798576E+009  +0.00000000E+000  -4.83075967E-002  +0.00000000E+000  -5.06798576E+009  +0.00000000E+000  -3.70494888E-002  +0.00000000E+000  -9.10565112E-002  +0.00000000E+000  +6.66955935E-002  +0.00000000E+000  +5.64129939E-002  +0.00000000E+000  -4.96962105E-003  +0.00000000E+000  -8.84939445E+006  +0.00000000E+000  +2.99816023E-004  +0.00000000E+000  +4.87387650E-004  +0.00000000E+000  +1.64930379E-004  +0.00000000E+000  -8.84939445E+006  +0.00000000E+000  +1.27420971E-003  +0.00000000E+000  +1.03291358E-003  +0.00000000E+000  +3.31556544E-004  +0.00000000E+000  +4.31190704E+007  +0.00000000E+000
+3.27500000E+001  -1.82582753E-019  +0.00000000E+000  +4.71768143E-019  +0.00000000E+000  -2.04303057E-019  +0.00000000E+000  -2.36297245E-021  +0.00000000E+000  -1.01705103E-021  +0.00000000E+000  +5.25144671E-012  +0.00000000E+000  -1.49292276E-001  +0.00000000E+000  +5.34772901E+009  +0.00000000E+000  -5.29386559E-002  +0.00000000E+000  -5.34772901E+009  +0.00000000E+000  -3.38622070E-003  +0.00000000E+000  +3.03977124E-004  +0.00000000E+000  -5.12637715E-002  +0.00000000E+000  +1.36738002E-002  +0.00000000E+000  +1.45931200E-001  +0.00000000E+000  -7.33321258E+007  +0.00000000E+000  -5.23503019E-004  +0.00000000E+000  +7.11744977E-004  +0.00000000E+000  +6.80237941E-004  +0.00000000E+000  -7.33321258E+007  +0.00000000E+000  -8.24973206E-004  +0.00000000E+000  +1.41114464E-003  +0.00000000E+000  -1.77709078E-004  +0.00000000E+000  +1.10612176E+008  +0.00000000E+000
+3.30000000E+001  -1.52221926E-019  +0.00000000E+000  -1.70959381E-019  +0.00000000E+000  +3.24672349E-019  +0.00000000E+000  +7.41854888E-021  +0.00000000E+000  +9.18395838E-022  +0.00000000E+000  +3.72516068E-010  +0.00000000E+000  +1.72098097E-001  +0.00000000E+000  +6.08446244E+009  +0.00000000E+000  +5.94040912E-002  +0.00000000E+000  -6.08446244E+009  +0.00000000E+000  +1.03002297E-002  +0.00000000E+000  -7.69287702E-002  +0.00000000E+000  +1.60427515E-002  +0.00000000E+000  -4.00150349E-002  +0.00000000E+000  -1.81845790E-001  +0.00000000E+000  -1.07915004E+006  +0.00000000E+000  +2.50823472E-003  +0.00000000E+000  -3.58353401E-004  +0.00000000E+000  -3.56104634E-004  +0.00000000E+000  -1.07915004E+006  +0.00000000E+000  +5.70646790E-004  +0.00000000E+000  -3.13306225E-004  +0.00000000E+000  +6.21491464E-004  +0.00000000E+000  +4.49539725E+007  +0.00000000E+000
+3.32500000E+001  +3.57497831E-019  +0.00000000E+000  -5.58026231E-020  +0.00000000E+000  -2.14732562E-019  +0.00000000E+000  -7.12905601E-021  +0.00000000E+000  -2.44037822E-021  +0.00000000E+000  +4.49708415E-010  +0.00000000E+000  -6.00266488E-002  +0.00000000E+000  -3.56210015E+009  +0.00000000E+000  +1.09478570E-003  +0.00000000E+000  +3.56210015E+009  +0.00000000E+000  -4.68395886E-002  +0.00000000E+000  +4.61601529E-002  +0.00000000E+000  +2.12998987E-002  +0.00000000E+000  +3.30307447E-002  +0.00000000E+000  +1.11841084E-001  +0.00000000E+000  -1.19767201E+007  +0.00000000E+000  -1.79199610E-003  +0.00000000E+000  -1.42330816E-004  +0.00000000E+000  +1.36300070E-003  +0.00000000E+000  -1.19767201E+007  +0.00000000E+000  -6.29485449E-005  +0.00000000E+000  -1.14350507E-004  +0.00000000E+000  -1.30258248E-004  +0.00000000E+000  -1.31292677E+007  +0.00000000E+000
+3.35000000E+001  -1.71648609E-019  +0.00000000E+000  +1.54570977E-019  +0.00000000E+000  +1.06347494E-019  +0.00000000E+000  +4.00037013E-021  +0.00000000E+000  +8.55173065E-022  +0.00000000E+000  +1.67614947E-010  +0.00000000E+000  +2.87485249E-002  +0.00000000E+000  -5.90682213E+009  +0.00000000E+000  -2.11437236E-002  +0.00000000E+000  +5.90682213E+009  +0.00000000E+000  +5.85176945E-003  +0.00000000E+000  -6.13922504E-002  +0.00000000E+000  +5.38315722E-002  +0.00000000E+000  +1.33693949E-003  +0.00000000E+000  -3.08422029E-002  +0.00000000E+000  +7.29341838E+007  +0.00000000E+000  +1.27902970E-003  +0.00000000E+000  -6.39221138E-004  +0.00000000E+000  +5.34665448E-004  +0.00000000E+000  +7.29341838E+007  +0.00000000E+000  +6.41957369E-004  +0.00000000E+000  +4.86983889E-004  +0.00000000E+000  -1.95033261E-005  +0.00000000E+000  -1.12043138E+008  +0.00000000E+000
+3.37500000E+001  +1.75279330E-019  +0.00000000E+000  -1.00076992E-019  +0.00000000E+000  -1.02485691E-019  +0.00000000E+000  -2.71795760E-021  +0.00000000E+000  -1.75896588E-021  +0.00000000E+000  -2.59291892E-010  +0.00000000E+000  -6.73095369E-003  +0.00000000E+000  -7.99831447E+009  +0.00000000E+000  +7.05419489E-002  +0.00000000E+000  +7.99831447E+009  +0.00000000E+000  -1.14385131E-002  +0.00000000E+000  +7.61886723E-002  +0.00000000E+000  -1.22049157E-001  +0.00000000E+000  -4.07788373E-002  +0.00000000E+000  +1.33871581E-002  +0.00000000E+000  +1.96472867E+007  +0.00000000E+000  -5.05565275E-004  +0.00000000E+000  +1.63529014E-003  +0.00000000E+000  +3.92759508E-005  +0.00000000E+000  +1.96472867E+007  +0.00000000E+000  -1.18410736E-003  +0.00000000E+000  -5.46528960E-004  +0.00000000E+000  -9.16329456E-005  +0.00000000E+000  -8.06939429E+007  +0.00000000E+000
+3.40000000E+001  -1.96268609E-019  +0.00000000E+000  -2.88436142E-020  +0.00000000E+000  +7.32330280E-020  +0.00000000E+000  +1.06821930E-021  +0.00000000E+000  -1.11518504E-021  +0.00000000E+000  -4.91067322E-010  +0.00000000E+000  +3.76449013E-002  +0.00000000E+000  +1.16513924E+009  +0.00000000E+000  -1.34148322E-001  +0.00000000E+000  -1.16513924E+009  +0.00000000E+000  -1.97690545E-002  +0.00000000E+000  -1.15997125E-001  +0.00000000E+000  +1.68387807E-001  +0.00000000E+000  +6.16276938E-002  +0.00000000E+000  -2.16599179E-002  +0.00000000E+000  +3.68437543E+007  +0.00000000E+000  +1.71987466E-003  +0.00000000E+000  -1.82077237E-003  +0.00000000E+000  +8.33571220E-004  +0.00000000E+000  +3.68437543E+007  +0.00000000E+000  +1.43380432E-003  +0.00000000E+000  +1.37542032E-003  +0.00000000E+000  +8.34611609E-005  +0.00000000E+000  -2.51435644E+007  +0.00000000E+000
+3.42500000E+001  +7.70022424E-020  +0.00000000E+000  +1.22589998E-019  +0.00000000E+000  +8.53230830E-020  +0.00000000E+000  +1.24634485E-021  +0.00000000E+000  +2.05527262E-021  +0.00000000E+000  -3.05434232E-010  +0.00000000E+000  -8.39241769E-003  +0.00000000E+000  +4.40157880E+009  +0.00000000E+000  +9.03252214E-002  +0.00000000E+000  -4.40157880E+009  +0.00000000E+000  +5.72284163E-003  +0.00000000E+000  +1.18748544E-001  +0.00000000E+000  -1.38083095E-001  +0.00000000E+000  -1.03927948E-001  +0.00000000E+000  +1.10508639E-002  +0.00000000E+000  -6.25584461E+007  +0.00000000E+000  -5.63451743E-004  +0.00000000E+000  +1.91904496E-003  +0.00000000E+000  +3.29192176E-004  +0.00000000E+000  -6.25584461E+007  +0.00000000E+000  -4.47133705E-004  +0.00000000E+000  -1.41829495E-003  +0.00000000E+000  +3.81458909E-004  +0.00000000E+000  +9.11026824E+007  +0.00000000E+000
+3.45000000E+001  -2.09298766E-019  +0.00000000E+000  -2.30685565E-020  +0.00000000E+000  -2.83428763E-020  +0.00000000E+000  -8.38483940E-022  +0.00000000E+000  -3.21032783E-022  +0.00000000E+000  +6.81041520E-011  +0.00000000E+000  -4.92059227E-003  +0.00000000E+000  +8.17571018E+009  +0.00000000E+000  -3.39995722E-004  +0.00000000E+000  -8.17571018E+009  +0.00000000E+000  -5.63757778E-002  +0.00000000E+000  -1.34860046E-001  +0.00000000E+000  +2.43064260E-002  +0.00000000E+000  +4.93944668E-002  +0.00000000E+000  +7.82931367E-002  +0.00000000E+000  -3.32538129E+007  +0.00000000E+000  +5.11787543E-004  +0.00000000E+000  -1.75131497E-003  +0.00000000E+000  +1.59257390E-003  +0.00000000E+000  -3.32538129E+007  +0.00000000E+000  +3.02248353E-004  +0.00000000E+000  +2.11875309E-003  +0.00000000E+000  +1.74603799E-004  +0.00000000E+000  +9.56489491E+007  +0.00000000E+000
+3.47500000E+001  +2.41186919E-019  +0.00000000E+000  -1.49309022E-019  +0.00000000E+000  +2.16022570E-020  +0.00000000E+000  +3.05867891E-022  +0.00000000E+000  -8.01256685E-022  +0.00000000E+000  +3.99152122E-010  +0.00000000E+000  +8.25764033E-002  +0.00000000E+000  +1.53680409E+009  +0.00000000E+000  -1.13621193E-003  +0.00000000E+000  -1.53680409E+009  +0.00000000E+000  +4.35307635E-002  +0.00000000E+000  +1.19224392E-001  +0.00000000E+000  -1.19784439E-003  +0.00000000E+000  -8.40254687E-002  +0.00000000E+000  -1.56295270E-001  +0.00000000E+000  -5.31003341E+007  +0.00000000E+000  +5.10664109E-004  +0.00000000E+000  +2.79679623E-003  +0.00000000E+000  -1.70599792E-003  +0.00000000E+000  -5.31003341E+007  +0.00000000E+000  -3.70207250E-005  +0.00000000E+000  -2.64558805E-003  +0.00000000E+000  -4.76142654E-005  +0.00000000E+000  +5.74614262E+007  +0.00000000E+000
+3.50000000E+001  -2.04176844E-019  +0.00000000E+000  +5.25343840E-020  +0.00000000E+000  -4.45018071E-020  +0.00000000E+000  -3.47488120E-022  +0.00000000E+000  -1.48280288E-021  +0.00000000E+000  +3.67169195E-010  +0.00000000E+000  -7.75454951E-002  +0.00000000E+000  -1.73291054E+009  +0.00000000E+000  +1.47556619E-002  +0.00000000E+000  +1.73291054E+009  +0.00000000E+000  -5.60916319E-002  +0.00000000E+000  -8.31407020E-002  +0.00000000E+000  +1.76473407E-002  +0.00000000E+000  +8.94216738E-002  +0.00000000E+000  +1.56606147E-001  +0.00000000E+000  +5.18616063E+007  +0.00000000E+000  +2.99815970E-004  +0.00000000E+000  -2.90025491E-003  +0.00000000E+000  +2.81917093E-003  +0.00000000E+000  +5.18616063E+007  +0.00000000E+000  -4.79424988E-004  +0.00000000E+000  +2.68268795E-003  +0.00000000E+000  +1.12879586E-004  +0.00000000E+000  -5.72237744E+007  +0.00000000E+000
+3.52500000E+001  +1.44310349E-019  +0.00000000E+000  +1.12592197E-019  +0.00000000E+000  +7.02964178E-020  +0.00000000E+000  +7.82197608E-022  +0.00000000E+000  +5.91136045E-022  +0.00000000E+000  +1.15051408E-010  +0.00000000E+000  +9.90865658E-002  +0.00000000E+000  -7.13228280E+009  +0.00000000E+000  -4.23158107E-002  +0.00000000E+000  +7.13228280E+009  +0.00000000E+000  +1.20126257E-002  +0.00000000E+000  +5.41000795E-002  +0.00000000E+000  -2.71732348E-002  +0.00000000E+000  -8.60116728E-002  +0.00000000E+000  -1.18150131E-001  +0.00000000E+000  +3.35027262E+007  +0.00000000E+000  +6.70424388E-004  +0.00000000E+000  +2.50912312E-003  +0.00000000E+000  -1.13399351E-003  +0.00000000E+000  +3.35027262E+007  +0.00000000E+000  +1.03319426E-003  +0.00000000E+000  -1.24453557E-003  +0.00000000E+000  -1.50851145E-004  +0.00000000E+000  -8.64933928E+007  +0.00000000E+000
+3.55000000E+001  +3.72729741E-020  +0.00000000E+000  -5.61828339E-020  +0.00000000E+000  -1.44906273E-019  +0.00000000E+000  -9.65509667E-023  +0.00000000E+000  -1.87123558E-021  +0.00000000E+000  -2.55301745E-010  +0.00000000E+000  -4.49083263E-002  +0.00000000E+000  -3.69061285E+009  +0.00000000E+000  +6.13480737E-002  +0.00000000E+000  +3.69061285E+009  +0.00000000E+000  -5.59951686E-003  +0.00000000E+000  -4.57296231E-002  +0.00000000E+000  +2.10529935E-002  +0.00000000E+000  +4.76607648E-002  +0.00000000E+000  +4.79977222E-002  +0.00000000E+000  +4.02740542E+007  +0.00000000E+000  +6.28519625E-004  +0.00000000E+000  -1.09592070E-003  +0.00000000E+000  +1.03930005E-003  +0.00000000E+000  +4.02740542E+007  +0.00000000E+000  -8.36286612E-004  +0.00000000E+000  +5.70254374E-004  +0.00000000E+000  +4.52934786E-004  +0.00000000E+000  -6.47608397E+007  +0.00000000E+000
+3.57500000E+001  -1.93650704E-019  +0.00000000E+000  -1.00858651E-019  +0.00000000E+000  +3.39191860E-019  +0.00000000E+000  -5.87088032E-022  +0.00000000E+000  +2.60378097E-022  +0.00000000E+000  -3.25034823E-010  +0.00000000E+000  +3.32264400E-002  +0.00000000E+000  -3.87365935E+008  +0.00000000E+000  -1.12814646E-001  +0.00000000E+000  +3.87365935E+008  +0.00000000E+000  -5.07229280E-002  +0.00000000E+000  +2.44123638E-002  +0.00000000E+000  -1.04813615E-002  +0.00000000E+000  -1.89336971E-002  +0.00000000E+000  +1.82550042E-002  +0.00000000E+000  -3.46959021E+007  +0.00000000E+000  -1.37599866E-003  +0.00000000E+000  +1.34031706E-004  +0.00000000E+000  +9.55297038E-004  +0.00000000E+000  -3.46959021E+007  +0.00000000E+000  +9.72227928E-004  +0.00000000E+000  -1.60003544E-004  +0.00000000E+000  -4.18122983E-004  +0.00000000E+000  +2.25658970E+007  +0.00000000E+000
+3.60000000E+001  +1.72579497E-020  +0.00000000E+000  +5.08234460E-019  +0.00000000E+000  -3.06947869E-019  +0.00000000E+000  +3.52903522E-021  +0.00000000E+000  +1.22929670E-022  +0.00000000E+000  -1.94110823E-010  +0.00000000E+000  +4.47210197E-002  +0.00000000E+000  +5.57235092E+009  +0.00000000E+000  +6.63118546E-002  +0.00000000E+000  -5.57235092E+009  +0.00000000E+000  +1.98651466E-002  +0.00000000E+000  -4.95191462E-002  +0.00000000E+000  +1.78702220E-002  +0.00000000E+000  +5.13226231E-003  +0.00000000E+000  -6.50838936E-002  +0.00000000E+000  -9.57784294E+006  +0.00000000E+000  +2.11895994E-003  +0.00000000E+000  -6.40727505E-005  +0.00000000E+000  -4.14026265E-004  +0.00000000E+000  -9.57784294E+006  +0.00000000E+000  -5.93307319E-004  +0.00000000E+000  -1.98928478E-004  +0.00000000E+000  +7.45539156E-005  +0.00000000E+000  +5.60606481E+007  +0.00000000E+000
+3.62500000E+001  -1.07869674E-020  +0.00000000E+000  -4.76233182E-019  +0.00000000E+000  +2.35538984E-019  +0.00000000E+000  -2.66348259E-021  +0.00000000E+000  -1.08846189E-021  +0.00000000E+000  +1.17040347E-010  +0.00000000E+000  -4.61784773E-003  +0.00000000E+000  +3.42024710E+009  +0.00000000E+000  +3.77903631E-002  +0.00000000E+000  -3.42024710E+009  +0.00000000E+000  -4.93597641E-002  +0.00000000E+000  +2.28250881E-003  +0.00000000E+000  -3.14999648E-002  +0.00000000E+000  -5.61885396E-003  +0.00000000E+000  +5.06659038E-002  +0.00000000E+000  -3.95338395E+007  +0.00000000E+000  -4.12033088E-004  +0.00000000E+000  +2.36560438E-004  +0.00000000E+000  +9.31791662E-004  +0.00000000E+000  -3.95338395E+007  +0.00000000E+000  -1.80463763E-004  +0.00000000E+000  +8.96621835E-004  +0.00000000E+000  +3.57365764E-004  +0.00000000E+000  +6.08534711E+007  +0.00000000E+000
+3.65000000E+001  +5.06869832E-020  +0.00000000E+000  +4.47187178E-020  +0.00000000E+000  -6.01896010E-020  +0.00000000E+000  +2.19862551E-021  +0.00000000E+000  -2.09059730E-021  +0.00000000E+000  +2.16652183E-010  +0.00000000E+000  +6.64285495E-003  +0.00000000E+000  +1.19203174E+009  +0.00000000E+000  -5.08934827E-002  +0.00000000E+000  -1.19203174E+009  +0.00000000E+000  +3.45868792E-003  +0.00000000E+000  -4.98737772E-002  +0.00000000E+000  +3.23658916E-003  +0.00000000E+000  +1.03071668E-002  +0.00000000E+000  -7.45674725E-003  +0.00000000E+000  +1.40560800E+007  +0.00000000E+000  +9.32628814E-004  +0.00000000E+000  +8.54669084E-004  +0.00000000E+000  -1.83064103E-004  +0.00000000E+000  +1.40560800E+007  +0.00000000E+000  +6.87409729E-004  +0.00000000E+000  -7.92009371E-004  +0.00000000E+000  +3.87587747E-004  +0.00000000E+000  +1.21472570E+006  +0.00000000E+000
+3.67500000E+001  -1.41263528E-019  +0.00000000E+000  -3.39698322E-019  +0.00000000E+000  +1.31716395E-019  +0.00000000E+000  -4.33767589E-021  +0.00000000E+000  +2.96943430E-021  +0.00000000E+000  +1.69326581E-010  +0.00000000E+000  +2.06439557E-002  +0.00000000E+000  -3.73505068E+009  +0.00000000E+000  +5.04632695E-003  +0.00000000E+000  +3.73505068E+009  +0.00000000E+000  -1.50392493E-002  +0.00000000E+000  +7.17936635E-002  +0.00000000E+000  +3.01516277E-002  +0.00000000E+000  -1.21899693E-002  +0.00000000E+000  -1.29162699E-002  +0.00000000E+000  -5.56327241E+006  +0.00000000E+000  -2.53726100E-005  +0.00000000E+000  -1.21155994E-003  +0.00000000E+000  +1.40882589E-003  +0.00000000E+000  -5.56327241E+006  +0.00000000E+000  -2.50015613E-005  +0.00000000E+000  +1.07747705E-003  +0.00000000E+000  -9.88758707E-004  +0.00000000E+000  -2.99937134E+007  +0.00000000E+000
+3.70000000E+001  +1.11582174E-019  +0.00000000E+000  +7.34826741E-019  +0.00000000E+000  -2.74868504E-019  +0.00000000E+000  +5.76867468E-021  +0.00000000E+000  -4.16530969E-021  +0.00000000E+000  -4.03926884E-011  +0.00000000E+000  +5.40204118E-002  +0.00000000E+000  -1.85695613E+009  +0.00000000E+000  +1.95919110E-002  +0.00000000E+000  +1.85695613E+009  +0.00000000E+000  +2.97551051E-003  +0.00000000E+000  +1.65119526E-002  +0.00000000E+000  -3.57400938E-002  +0.00000000E+000  -2.59157033E-002  +0.00000000E+000  -4.73895145E-002  +0.00000000E+000  +4.15517452E+007  +0.00000000E+000  +1.04991090E-003  +0.00000000E+000  +1.85832513E-003  +0.00000000E+000  -8.98591976E-004  +0.00000000E+000  +4.15517452E+007  +0.00000000E+000  -6.83345065E-004  +0.00000000E+000  -9.57494821E-004  +0.00000000E+000  +1.59842832E-003  +0.00000000E+000  -4.66392526E+007  +0.00000000E+000
+3.72500000E+001  -1.11858816E-019  +0.00000000E+000  -5.95972609E-019  +0.00000000E+000  +1.74846987E-019  +0.00000000E+000  -3.64643205E-021  +0.00000000E+000  +1.79243786E-021  +0.00000000E+000  -9.91701305E-011  +0.00000000E+000  -4.04251504E-002  +0.00000000E+000  -1.02884122E+009  +0.00000000E+000  -3.79818222E-002  +0.00000000E+000  +1.02884122E+009  +0.00000000E+000  -5.01122562E-002  +0.00000000E+000  -1.23671230E-001  +0.00000000E+000  +1.50713504E-002  +0.00000000E+000  +1.54548209E-002  +0.00000000E+000  +8.38958982E-002  +0.00000000E+000  -2.11441147E+006  +0.00000000E+000  -2.37116835E-004  +0.00000000E+000  -1.28396370E-003  +0.00000000E+000  +1.68834085E-003  +0.00000000E+000  -2.11441147E+006  +0.00000000E+000  +1.30076611E-003  +0.00000000E+000  +1.14919808E-003  +0.00000000E+000  -1.33371698E-003  +0.00000000E+000  -8.59781424E+006  +0.00000000E+000
+3.75000000E+001  +7.61866952E-020  +0.00000000E+000  +8.08342224E-020  +0.00000000E+000  -1.13379355E-019  +0.00000000E+000  +1.53962729E-021  +0.00000000E+000  -3.44916978E-022  +0.00000000E+000  -1.08990084E-010  +0.00000000E+000  +3.42046260E-002  +0.00000000E+000  +1.99578459E+009  +0.00000000E+000  +5.77164538E-002  +0.00000000E+000  -1.99578459E+009  +0.00000000E+000  -5.80417109E-002  +0.00000000E+000  +6.89496346E-002  +0.00000000E+000  -6.44190157E-002  +0.00000000E+000  -2.34858498E-002  +0.00000000E+000  +2.25518332E-002  +0.00000000E+000  +5.56572915E+006  +0.00000000E+000  +2.72146073E-004  +0.00000000E+000  +9.15090906E-004  +0.00000000E+000  +1.06290308E-003  +0.00000000E+000  +5.56572915E+006  +0.00000000E+000  -1.34696187E-003  +0.00000000E+000  -4.56857242E-004  +0.00000000E+000  +6.30398710E-004  +0.00000000E+000  +1.49530252E+007  +0.00000000E+000
+3.77500000E+001  -1.06244205E-019  +0.00000000E+000  -1.77602088E-020  +0.00000000E+000  +2.42140997E-019  +0.00000000E+000  -2.31518013E-021  +0.00000000E+000  -2.73154696E-021  +0.00000000E+000  +1.09174686E-011  +0.00000000E+000  -3.31149794E-003  +0.00000000E+000  +6.61060961E+008  +0.00000000E+000  -1.16355436E-001  +0.00000000E+000  -6.61060961E+008  +0.00000000E+000  +8.54019602E-002  +0.00000000E+000  -5.84491987E-002  +0.00000000E+000  +1.12273258E-001  +0.00000000E+000  +1.45581288E-002  +0.00000000E+000  -7.18857087E-002  +0.00000000E+000  -3.63480271E+007  +0.00000000E+000  +8.61575674E-004  +0.00000000E+000  -9.60484178E-004  +0.00000000E+000  -5.85406425E-004  +0.00000000E+000  -3.63480271E+007  +0.00000000E+000  +2.57976965E-003  +0.00000000E+000  +7.69324157E-004  +0.00000000E+000  -6.26125547E-004  +0.00000000E+000  +3.04513623E+007  +0.00000000E+000
+3.80000000E+001  +8.99646351E-020  +0.00000000E+000  +1.76252283E-019  +0.00000000E+000  -2.01514521E-019  +0.00000000E+000  +3.78368825E-021  +0.00000000E+000  +2.55098435E-021  +0.00000000E+000  +3.78583635E-011  +0.00000000E+000  +4.48239754E-002  +0.00000000E+000  +1.18064514E+009  +0.00000000E+000  +1.36812590E-001  +0.00000000E+000  -1.18064514E+009  +0.00000000E+000  -1.12113910E-001  +0.00000000E+000  +4.93579309E-002  +0.00000000E+000  -1.17248266E-001  +0.00000000E+000  -2.36276681E-002  +0.00000000E+000  +4.74663951E-002  +0.00000000E+000  +1.64678368E+007  +0.00000000E+000  +1.04375822E-004  +0.00000000E+000  +1.57084344E-003  +0.00000000E+000  +9.04856128E-004  +0.00000000E+000  +1.64678368E+007  +0.00000000E+000  -3.03932251E-003  +0.00000000E+000  -9.06959143E-004  +0.00000000E+000  +7.32014852E-004  +0.00000000E+000  +9.19253255E+005  +0.00000000E+000
+3.82500000E+001  -8.32827069E-020  +0.00000000E+000  -1.58147761E-019  +0.00000000E+000  +7.51897031E-020  +0.00000000E+000  -2.59728246E-021  +0.00000000E+000  -2.72441814E-021  +0.00000000E+000  +6.78837834E-011  +0.00000000E+000  -7.71048900E-003  +0.00000000E+000  -1.02608240E+009  +0.00000000E+000  -1.02819662E-001  +0.00000000E+000  +1.02608240E+009  +0.00000000E+000  +5.73729373E-002  +0.00000000E+000  -4.41297455E-002  +0.00000000E+000  +8.43290149E-002  +0.00000000E+000  -5.45686251E-003  +0.00000000E+000  -3.14661531E-002  +0.00000000E+000  -6.49012382E+005  +0.00000000E+000  +6.59360754E-004  +0.00000000E+000  -1.16104398E-003  +0.00000000E+000  +5.89494489E-004  +0.00000000E+000  -6.49012382E+005  +0.00000000E+000  +2.37034141E-003  +0.00000000E+000  +1.23256390E-003  +0.00000000E+000  -2.12466402E-004  +0.00000000E+000  -9.93135729E+006  +0.00000000E+000
+3.85000000E+001  +7.68261683E-020  +0.00000000E+000  +1.25502866E-019  +0.00000000E+000  +3.71073290E-020  +0.00000000E+000  +1.97375135E-021  +0.00000000E+000  +5.62453922E-022  +0.00000000E+000  -1.70093023E-011  +0.00000000E+000  +3.90676975E-002  +0.00000000E+000  -6.19214774E+008  +0.00000000E+000  +4.25108452E-002  +0.00000000E+000  +6.19214774E+008  +0.00000000E+000  -5.95143343E-002  +0.00000000E+000  +1.58819876E-002  +0.00000000E+000  -3.57022566E-002  +0.00000000E+000  +1.04034429E-003  +0.00000000E+000  +8.10380608E-003  +0.00000000E+000  +9.68683369E+006  +0.00000000E+000  +4.33397809E-004  +0.00000000E+000  +9.69149084E-004  +0.00000000E+000  +2.14193281E-004  +0.00000000E+000  +9.68683369E+006  +0.00000000E+000  -1.02082550E-003  +0.00000000E+000  -3.57553034E-004  +0.00000000E+000  +1.11779800E-004  +0.00000000E+000  -1.17219063E+007  +0.00000000E+000
+3.87500000E+001  -2.77201860E-020  +0.00000000E+000  -1.92915246E-020  +0.00000000E+000  -4.44727343E-020  +0.00000000E+000  -2.56676113E-021  +0.00000000E+000  -2.13309400E-021  +0.00000000E+000  -1.70527786E-011  +0.00000000E+000  -9.07334472E-003  +0.00000000E+000  -9.85711039E+008  +0.00000000E+000  -5.32943057E-003  +0.00000000E+000  +9.85711039E+008  +0.00000000E+000  -6.00066507E-003  +0.00000000E+000  -2.26410033E-002  +0.00000000E+000  +1.02288829E-002  +0.00000000E+000  -2.55803018E-002  +0.00000000E+000  +2.97219639E-002  +0.00000000E+000  -2.25635511E+007  +0.00000000E+000  -6.60162393E-004  +0.00000000E+000  -6.18457681E-004  +0.00000000E+000  +2.97879951E-004  +0.00000000E+000  -2.25635511E+007  +0.00000000E+000  +8.53601360E-004  +0.00000000E+000  -3.33670993E-004  +0.00000000E+000  -1.50091850E-004  +0.00000000E+000  +4.53867032E+006  +0.00000000E+000
+3.90000000E+001  +6.43282006E-020  +0.00000000E+000  -2.02598071E-019  +0.00000000E+000  +8.47027949E-020  +0.00000000E+000  +1.10361028E-021  +0.00000000E+000  +1.24798498E-021  +0.00000000E+000  -3.76204202E-011  +0.00000000E+000  +2.86396690E-002  +0.00000000E+000  +1.17073763E+009  +0.00000000E+000  -1.68707310E-002  +0.00000000E+000  -1.17073763E+009  +0.00000000E+000  -1.98047757E-002  +0.00000000E+000  -5.13570106E-003  +0.00000000E+000  -1.16850090E-003  +0.00000000E+000  +3.44161637E-002  +0.00000000E+000  -2.30302489E-002  +0.00000000E+000  +1.59543139E+007  +0.00000000E+000  +1.42929621E-003  +0.00000000E+000  +4.81673080E-004  +0.00000000E+000  +1.07429218E-003  +0.00000000E+000  +1.59543139E+007  +0.00000000E+000  -7.74685188E-004  +0.00000000E+000  +3.66109573E-004  +0.00000000E+000  +1.56346670E-004  +0.00000000E+000  +2.04632719E+006  +0.00000000E+000
+3.92500000E+001  -1.24039415E-019  +0.00000000E+000  +2.45948678E-019  +0.00000000E+000  -1.09000895E-019  +0.00000000E+000  -3.60336894E-022  +0.00000000E+000  -2.20052711E-021  +0.00000000E+000  +2.49028388E-011  +0.00000000E+000  +1.56833566E-002  +0.00000000E+000  -9.40909259E+006  +0.00000000E+000  +2.09690244E-002  +0.00000000E+000  +9.40909281E+006  +0.00000000E+000  +8.49748994E-003  +0.00000000E+000  +6.21254489E-002  +0.00000000E+000  -9.26996378E-003  +0.00000000E+000  -6.68455687E-002  +0.00000000E+000  -1.73164843E-002  +0.00000000E+000  -9.68308297E+006  +0.00000000E+000  +9.76345073E-005  +0.00000000E+000  +5.73506795E-004  +0.00000000E+000  -4.28622513E-004  +0.00000000E+000  -9.68308297E+006  +0.00000000E+000  +6.86160819E-004  +0.00000000E+000  +5.73829530E-005  +0.00000000E+000  -8.23954240E-005  +0.00000000E+000  +5.01061279E+006  +0.00000000E+000
+3.95000000E+001  -5.70169432E-020  +0.00000000E+000  +7.76766237E-020  +0.00000000E+000  -7.34547533E-020  +0.00000000E+000  +6.01729938E-022  +0.00000000E+000  -4.76821306E-022  +0.00000000E+000  +1.53617741E-012  +0.00000000E+000  +1.65012951E-002  +0.00000000E+000  +4.09449695E+008  +0.00000000E+000  -5.55612861E-002  +0.00000000E+000  -4.09449695E+008  +0.00000000E+000  -2.71183786E-002  +0.00000000E+000  -6.96774705E-002  +0.00000000E+000  -1.51876932E-002  +0.00000000E+000  +1.41549596E-002  +0.00000000E+000  +3.94666844E-003  +0.00000000E+000  +1.56792267E+007  +0.00000000E+000  +6.49935227E-004  +0.00000000E+000  -4.33961003E-004  +0.00000000E+000  +1.27686840E-003  +0.00000000E+000  +1.56792267E+007  +0.00000000E+000  -3.18157317E-004  +0.00000000E+000  +3.49488504E-004  +0.00000000E+000  +1.71201443E-004  +0.00000000E+000  -5.35759497E+006  +0.00000000E+000
+3.97500000E+001  +2.41237661E-020  +0.00000000E+000  -1.91264113E-019  +0.00000000E+000  +2.40670096E-019  +0.00000000E+000  -9.38745491E-022  +0.00000000E+000  +3.12143993E-023  +0.00000000E+000  +3.83976755E-012  +0.00000000E+000  +1.71114519E-002  +0.00000000E+000  -1.23569802E+009  +0.00000000E+000  +7.02294848E-002  +0.00000000E+000  +1.23569802E+009  +0.00000000E+000  -1.44221599E-002  +0.00000000E+000  +4.30106869E-002  +0.00000000E+000  +5.32061257E-002  +0.00000000E+000  +1.51772967E-003  +0.00000000E+000  +1.01495862E-002  +0.00000000E+000  -2.93781154E+007  +0.00000000E+000  -1.24068121E-004  +0.00000000E+000  +4.55835769E-004  +0.00000000E+000  -8.55277025E-004  +0.00000000E+000  -2.93781154E+007  +0.00000000E+000  +1.12694699E-003  +0.00000000E+000  -9.63227839E-005  +0.00000000E+000  -3.90501499E-004  +0.00000000E+000  +5.66960232E+006  +0.00000000E+000
+4.00000000E+001  +2.10722308E-019  +0.00000000E+000  +2.83618906E-019  +0.00000000E+000  -5.94368514E-020  +0.00000000E+000  +5.19910378E-021  +0.00000000E+000  +1.98099904E-021  +0.00000000E+000  -2.04561237E-011  +0.00000000E+000  -1.62430923E-002  +0.00000000E+000  +7.88922957E+008  +0.00000000E+000  +4.74204232E-002  +0.00000000E+000  -7.88922957E+008  +0.00000000E+000  -3.49085623E-003  +0.00000000E+000  +5.56216166E-003  +0.00000000E+000  -6.34216206E-002  +0.00000000E+000  -2.07545849E-002  +0.00000000E+000  +6.00523198E-003  +0.00000000E+000  +1.97402928E+007  +0.00000000E+000  +7.42895243E-004  +0.00000000E+000  +3.26384485E-004  +0.00000000E+000  +1.99620222E-003  +0.00000000E+000  +1.97402928E+007  +0.00000000E+000  -2.62128891E-003  +0.00000000E+000  -4.26822529E-004  +0.00000000E+000  +1.63354657E-003  +0.00000000E+000  -3.31579828E+006  +0.00000000E+000
